entities,text,created_at,edit_history_tweet_ids,public_metrics,id,author_id,user,place,sentiment,hashtags
"{'urls': [{'start': 82, 'end': 105, 'url': 'https://t.co/OkwpDKnlo7', 'expanded_url': 'https://whitelist.sl8.online/', 'display_url': 'whitelist.sl8.online', 'images': [{'url': 'https://pbs.twimg.com/news_img/1871992347241959424/vRi51dff?format=jpg&name=orig', 'width': 1280, 'height': 751}, {'url': 'https://pbs.twimg.com/news_img/1871992347241959424/vRi51dff?format=jpg&name=150x150', 'width': 150, 'height': 150}], 'status': 200, 'unwound_url': 'https://whitelist.sl8.online/'}], 'mentions': [{'start': 3, 'end': 15, 'username': '_s_l_a_t_e_', 'id': '2261303540'}]}","RT @_s_l_a_t_e_: ğŸ„ Happy Holidays, SL8 Family! Our Christmas Sale Has Begun! ğŸ

ğŸ‘‰ https://t.co/OkwpDKnlo7

Invest in a growing ecosystem anâ€¦",2024-12-28T11:09:37.000Z,['1872963109448712298'],"{'retweet_count': 3254, 'reply_count': 0, 'like_count': 0, 'quote_count': 0, 'bookmark_count': 0, 'impression_count': 0}",1872963109448712298,1872769255747534848,"{'name': 'Coke Love', 'id': '1872769255747534848', 'username': 'love_coke20326'}",{},positive,[]
"{'hashtags': [{'start': 76, 'end': 97, 'tag': 'MakeEveryMomentAVybe'}, {'start': 98, 'end': 104, 'tag': 'DVybe'}]}","â€ŒHow did you spend your Christmas? ğŸ¤­
Were you outdoors or you stayed homeğŸ‘€

#MakeEveryMomentAVybe
#DVybe",2024-12-28T11:09:37.000Z,['1872963109180326012'],"{'retweet_count': 0, 'reply_count': 0, 'like_count': 0, 'quote_count': 0, 'bookmark_count': 0, 'impression_count': 1}",1872963109180326012,1696810902618550272,"{'name': 'DVybeNG', 'id': '1696810902618550272', 'username': 'DVybeNG'}",{},neutral,"['#MakeEveryMomentAVybe', '#DVybe']"
"{'mentions': [{'start': 3, 'end': 18, 'username': 'LeeAndersonMP_', 'id': '1599753147861422087'}]}","RT @LeeAndersonMP_: How dare people accuse us of fake news.

BTW hope you like this pic of me and a couple of the boys on our Christmas jolâ€¦",2024-12-28T11:09:37.000Z,['1872963108949639541'],"{'retweet_count': 723, 'reply_count': 0, 'like_count': 0, 'quote_count': 0, 'bookmark_count': 0, 'impression_count': 0}",1872963108949639541,1429891897636659208,"{'name': 'Russell Craft', 'id': '1429891897636659208', 'username': '0RussellCraft0'}",{},positive,[]
"{'urls': [{'start': 160, 'end': 183, 'url': 'https://t.co/7eLBjIL5QB', 'expanded_url': 'https://nikke-en.com/socialshare/share/16/na/173457749112891/1687385_2025NewYearLuckyRoulette_en_PrivatyUnkindMaid_1735384169479?language=en', 'display_url': 'nikke-en.com/socialshare/shâ€¦'}], 'hashtags': [{'start': 130, 'end': 136, 'tag': 'NIKKE'}, {'start': 137, 'end': 158, 'tag': 'NewYearLuckyRoulette'}]}","New Year Lucky Roulette
A limited-time New Year event is here!
Spin the wheel now and collect your Christmas and New Year gifts!

#NIKKE #NewYearLuckyRoulette  https://t.co/7eLBjIL5QB",2024-12-28T11:09:37.000Z,['1872963108001726836'],"{'retweet_count': 0, 'reply_count': 0, 'like_count': 0, 'quote_count': 0, 'bookmark_count': 0, 'impression_count': 0}",1872963108001726836,1726666656,"{'name': 'steve butt', 'id': '1726666656', 'username': 'wrathtooth'}",{},positive,"['#NIKKE', '#NewYearLuckyRoulette']"
"{'urls': [{'start': 113, 'end': 136, 'url': 'https://t.co/mJkkZkT50X', 'expanded_url': 'https://onlyfans.com/lolatinax/trial/444dylv3dccwshamiblur0zbfgenzps7', 'display_url': 'onlyfans.com/lolatinax/triaâ€¦', 'images': [{'url': 'https://pbs.twimg.com/news_img/1871972156839784448/CCzhjEID?format=jpg&name=orig', 'width': 1200, 'height': 1200}, {'url': 'https://pbs.twimg.com/news_img/1871972156839784448/CCzhjEID?format=jpg&name=150x150', 'width': 150, 'height': 150}], 'status': 200, 'title': 'OnlyFans', 'description': 'OnlyFans is the social platform revolutionizing creator and fan connections. The site is inclusive of artists and content creators from all genres and allows them to monetize their content while developing authentic relationships with their fanbase.', 'unwound_url': 'https://onlyfans.com/lolatinax/trial/444dylv3dccwshamiblur0zbfgenzps7'}], 'mentions': [{'start': 3, 'end': 12, 'username': 'XenoLola', 'id': '2209048153'}]}","RT @XenoLola: Rate my my body in the comments from 1 to 10!ğŸ’‹ğŸ˜ğŸ‘™ğŸ†

Get a free Christmas gift in my OnlyFans ğŸğŸ’‹ğŸ˜ğŸ‘™ğŸ†

https://t.co/mJkkZkT50X htâ€¦",2024-12-28T11:09:37.000Z,['1872963106651160751'],"{'retweet_count': 1243, 'reply_count': 0, 'like_count': 0, 'quote_count': 0, 'bookmark_count': 0, 'impression_count': 0}",1872963106651160751,225666378,"{'name': 'aliceboo ğŸ˜›', 'id': '225666378', 'username': 'Insesa21_com'}",{},positive,[]
"{'mentions': [{'start': 3, 'end': 19, 'username': 'absolutegazelle', 'id': '121109690'}]}",RT @absolutegazelle: To hear about the iconic Olivia Husseyâ€™s passing is really upsetting. â€œBlack Christmasâ€ is one of my favourite films oâ€¦,2024-12-28T11:09:37.000Z,['1872963106537963925'],"{'retweet_count': 3, 'reply_count': 0, 'like_count': 0, 'quote_count': 0, 'bookmark_count': 0, 'impression_count': 0}",1872963106537963925,3596194828,"{'name': ""George LÃ©'Campbell (Jersey Royal) #SellBeforeWeDai"", 'id': '3596194828', 'location': 'Henley-on-Thames, England', 'username': '1ntrepidtravel'}",{},negative,[]
"{'mentions': [{'start': 3, 'end': 16, 'username': 'wildhoney423', 'id': '578083068'}]}","RT @wildhoney423: I have a little Christmas tree between my legs.ğŸ˜†
------------------------------------------- 
Of 60% off now, don't missâ€¦",2024-12-28T11:09:37.000Z,['1872963106365948275'],"{'retweet_count': 136, 'reply_count': 0, 'like_count': 0, 'quote_count': 0, 'bookmark_count': 0, 'impression_count': 0}",1872963106365948275,1673449248967495682,"{'name': 'Lanzhu', 'id': '1673449248967495682', 'username': 'Lanzhu679160404'}",{},neutral,[]
"{'urls': [{'start': 38, 'end': 61, 'url': 'https://t.co/399K1RsCCZ', 'expanded_url': 'https://x.com/urania3255/status/1871575733442908555/photo/1', 'display_url': 'pic.x.com/399K1RsCCZ', 'media_key': '3_1871575690493022208'}], 'mentions': [{'start': 3, 'end': 14, 'username': 'urania3255', 'id': '2384109996'}]}",RT @urania3255: Happy Christmas guys! https://t.co/399K1RsCCZ,2024-12-28T11:09:37.000Z,['1872963106063679650'],"{'retweet_count': 59, 'reply_count': 0, 'like_count': 0, 'quote_count': 0, 'bookmark_count': 0, 'impression_count': 0}",1872963106063679650,102561970,"{'name': 'TDM', 'id': '102561970', 'username': 'dgulley88'}",{},positive,[]
"{'urls': [{'start': 120, 'end': 143, 'url': 'https://t.co/BU6Wkp5h6Y', 'expanded_url': 'https://x.com/_Akumana_/status/1872354956608692518/photo/1', 'display_url': 'pic.x.com/BU6Wkp5h6Y', 'media_key': '3_1872354708691587073'}], 'mentions': [{'start': 3, 'end': 13, 'username': '_Akumana_', 'id': '1507912793982394370'}], 'hashtags': [{'start': 56, 'end': 68, 'tag': 'scaramouche'}, {'start': 69, 'end': 78, 'tag': 'wanderer'}, {'start': 79, 'end': 93, 'tag': 'GenshinImpact'}, {'start': 94, 'end': 104, 'tag': 'Christmas'}, {'start': 105, 'end': 119, 'tag': 'Christmas2024'}]}","RT @_Akumana_: happy holidays!
sorry im late- &gt;w&lt;
#scaramouche #wanderer #GenshinImpact #Christmas #Christmas2024 https://t.co/BU6Wkp5h6Y",2024-12-28T11:09:37.000Z,['1872963105598390536'],"{'retweet_count': 965, 'reply_count': 0, 'like_count': 0, 'quote_count': 0, 'bookmark_count': 0, 'impression_count': 0}",1872963105598390536,1076986896566362112,"{'name': 'Grima-Fell-Dragon', 'id': '1076986896566362112', 'location': 'Plegia', 'username': 'dragon_grima'}",{},positive,"['#scaramouche', '#wanderer', '#GenshinImpact', '#Christmas', '#Christmas2024']"
"{'urls': [{'start': 17, 'end': 40, 'url': 'https://t.co/IYZXT0asNJ', 'expanded_url': 'http://Ponder.One', 'display_url': 'Ponder.One', 'images': [{'url': 'https://pbs.twimg.com/news_img/1870564995676954624/FuXFuYEp?format=png&name=orig', 'width': 1200, 'height': 630}, {'url': 'https://pbs.twimg.com/news_img/1870564995676954624/FuXFuYEp?format=png&name=150x150', 'width': 150, 'height': 150}], 'status': 200, 'title': 'Donâ€™t wonder , Ponder | The best way to compare Web3', 'description': ""Ponder simplifies Web3 and opens opportunities for everyone. Ponder AI analyses, compares and executes options within: Ponder engine unites all blockchain types (EVM and non-EVM) with a universal framework to tackle l iquidity fragmentation. Ponder leverages its off-chain AI model based on Llama3 and Mistral - trained to identify the best opportunities across the space. Ponder's seamless Ul powered by account abstraction with intents, paired with its off-chain AI model allows users to compare and select"", 'unwound_url': 'https://ponder.one/'}], 'mentions': [{'start': 3, 'end': 14, 'username': 'Ponder_One', 'id': '1632015239003734017'}], 'cashtags': [{'start': 87, 'end': 92, 'tag': 'PNDR'}]}","RT @Ponder_One: ğŸ„https://t.co/IYZXT0asNJ TaskOn Christmas Celebration is Live! ğŸ„

5000 $PNDR Prize Pool, 50 lucky winners, each gets 100 $Pâ€¦",2024-12-28T11:09:36.000Z,['1872963105128624370'],"{'retweet_count': 1682, 'reply_count': 0, 'like_count': 0, 'quote_count': 0, 'bookmark_count': 0, 'impression_count': 0}",1872963105128624370,1865529085520420864,"{'name': 'D Zt', 'id': '1865529085520420864', 'username': 'DZt1466500'}",{},positive,[]
"{'mentions': [{'start': 3, 'end': 13, 'username': 'rezquik10', 'id': '1365876787478200325'}]}","RT @rezquik10: merry christmas to everybody who celebrates it ğŸ…
its the giving season so i will giveaway 11.000 valorant points 
requiremenâ€¦",2024-12-28T11:09:36.000Z,['1872963104738558179'],"{'retweet_count': 1611, 'reply_count': 0, 'like_count': 0, 'quote_count': 0, 'bookmark_count': 0, 'impression_count': 0}",1872963104738558179,1467146155133964295,"{'name': 'Scott', 'id': '1467146155133964295', 'location': 'Star City', 'username': 'Abcnonamexd'}",{},positive,[]
"{'mentions': [{'start': 3, 'end': 16, 'username': 'GingerJohn63', 'id': '1123496772356145152'}]}","RT @GingerJohn63: Itâ€™s the fourth day of Christmas! ğŸ„ Are you still celebrating like me? ğŸ˜‰ğŸ˜ˆ Whatever you do have a wonderful day. ğŸ˜Š
#gingerâ€¦",2024-12-28T11:09:36.000Z,['1872963104398819634'],"{'retweet_count': 10, 'reply_count': 0, 'like_count': 0, 'quote_count': 0, 'bookmark_count': 0, 'impression_count': 0}",1872963104398819634,1226908746380664833,"{'name': 'FsÃ˜lit F ğŸ” ğŸ‡§ğŸ‡·', 'id': '1226908746380664833', 'location': 'Brasil', 'username': 'fsolit_bh'}",{},positive,['#ginger']
"{'mentions': [{'start': 3, 'end': 19, 'username': 'arianna_evans70', 'id': '2155200355'}]}","RT @arianna_evans70: Do you like my body? Text me!ğŸ’•ğŸ”¥

Comment a compliment under this post and get a free Christmas gift in my OnlyFans ğŸğŸ’‹ğŸ˜â€¦",2024-12-28T11:09:36.000Z,['1872963103597707292'],"{'retweet_count': 28, 'reply_count': 0, 'like_count': 0, 'quote_count': 0, 'bookmark_count': 0, 'impression_count': 0}",1872963103597707292,1209889591,"{'name': 'Seltin', 'id': '1209889591', 'username': 'Merickaya01Kaya'}",{},positive,[]
"{'urls': [{'start': 62, 'end': 85, 'url': 'https://t.co/KOQgQdumQg', 'expanded_url': 'https://x.com/KaysuoAE/status/1872432471008280673/photo/1', 'display_url': 'pic.x.com/KOQgQdumQg', 'media_key': '3_1872432053045583872'}], 'mentions': [{'start': 3, 'end': 12, 'username': 'KaysuoAE', 'id': '872987119588970500'}]}",RT @KaysuoAE: Bonus gift for Christmasâ¤ï¸ğŸ Unwrap your present https://t.co/KOQgQdumQg,2024-12-28T11:09:36.000Z,['1872963103371215186'],"{'retweet_count': 340, 'reply_count': 0, 'like_count': 0, 'quote_count': 0, 'bookmark_count': 0, 'impression_count': 0}",1872963103371215186,1454731051029327878,"{'name': 'Magrine Evans', 'id': '1454731051029327878', 'username': 'lumity234'}",{},positive,[]
"{'mentions': [{'start': 3, 'end': 12, 'username': 'swaps_io', 'id': '1561671231266607106'}]}","RT @swaps_io: Hey, fam! 

A special surprise awaits you to make your Christmas and New Year celebrations even more exciting ğŸğŸ¤«Â 

It's timeâ€¦",2024-12-28T11:09:36.000Z,['1872963103211831763'],"{'retweet_count': 2295, 'reply_count': 0, 'like_count': 0, 'quote_count': 0, 'bookmark_count': 0, 'impression_count': 0}",1872963103211831763,1872962471515840512,"{'name': 'Harley Stephania', 'id': '1872962471515840512', 'username': 'HarleyStep41978'}",{},positive,[]
,"Merry Christmas to everyone saying

GM 

And Happy New Year in Advance",2024-12-28T11:09:36.000Z,['1872963102838538437'],"{'retweet_count': 0, 'reply_count': 0, 'like_count': 1, 'quote_count': 0, 'bookmark_count': 0, 'impression_count': 0}",1872963102838538437,1856112474061250560,"{'name': 'BlockchainFUOYE', 'id': '1856112474061250560', 'location': 'Ekiti, Nigeria', 'username': 'BCFuoye'}",{},positive,[]
"{'urls': [{'start': 111, 'end': 134, 'url': 'https://t.co/iBggbLZJ0c', 'expanded_url': 'https://taskon.xyz/quest/423267751', 'display_url': 'taskon.xyz/quest/423267751', 'images': [{'url': 'https://pbs.twimg.com/news_img/1871504164288663552/waziaucC?format=jpg&name=orig', 'width': 1050, 'height': 525}, {'url': 'https://pbs.twimg.com/news_img/1871504164288663552/waziaucC?format=jpg&name=150x150', 'width': 150, 'height': 150}], 'status': 200, 'title': 'TaskOn: A Web3 Task Collaboration Platform to Create, Collaborate and Reward', 'description': 'TaskOn empowers your Web3 initiatives as the leading task collaboration platform for seamless marketing, community building, and operational management.', 'unwound_url': 'https://taskon.xyz/quest/423267751'}], 'mentions': [{'start': 3, 'end': 17, 'username': 'FlowX_finance', 'id': '1605461197687468033'}]}","RT @FlowX_finance: ğŸ„ Christmas Giveaway Celebration! ğŸ

Spread the Holiday Joy with Our Christmas Giveaway!

ğŸ‘‰ https://t.co/iBggbLZJ0c httpâ€¦",2024-12-28T11:09:36.000Z,['1872963102653989007'],"{'retweet_count': 31379, 'reply_count': 0, 'like_count': 0, 'quote_count': 0, 'bookmark_count': 0, 'impression_count': 0}",1872963102653989007,1872962007294418944,"{'name': 'Aubrey Chiquita', 'id': '1872962007294418944', 'username': 'AubreyChiq53423'}",{},positive,[]
"{'mentions': [{'start': 3, 'end': 12, 'username': 'nfprompt', 'id': '1550484615856627713'}]}","RT @nfprompt: ğŸ§ BREAKING: Our Christmas celebration just got even BIGGER! ğŸ’¥

Ready to win more rewards?! ğŸ‰

ğŸ‘‰ Complete tasks and score BIGâ€¦",2024-12-28T11:09:36.000Z,['1872963102079369585'],"{'retweet_count': 562, 'reply_count': 0, 'like_count': 0, 'quote_count': 0, 'bookmark_count': 0, 'impression_count': 0}",1872963102079369585,1491081519657787400,"{'name': '1ë¶„1ì´ˆ', 'id': '1491081519657787400', 'location': 'ëŒ€í•œë¯¼êµ­', 'username': 'one_minute79'}",{},positive,[]
"{'annotations': [{'start': 46, 'end': 58, 'probability': 0.7163, 'type': 'Other', 'normalized_text': 'Christmas Eve'}], 'mentions': [{'start': 3, 'end': 15, 'username': 'DenisDukeUG', 'id': '758539753'}]}","RT @DenisDukeUG: How they tried to Scam me on Christmas Eve. A lesson to all those doing business online, please Stay Woke. 

At around 9amâ€¦",2024-12-28T11:09:36.000Z,['1872963101752213654'],"{'retweet_count': 65, 'reply_count': 0, 'like_count': 0, 'quote_count': 0, 'bookmark_count': 0, 'impression_count': 0}",1872963101752213654,1581559033353441282,"{'name': 'Reagan', 'id': '1581559033353441282', 'location': 'Mbarara ', 'username': 'reaganfraneva18'}",{},negative,[]
"{'urls': [{'start': 63, 'end': 86, 'url': 'https://t.co/D0rrqcyYXR', 'expanded_url': 'https://x.com/katiecooper4xo/status/1872951137764294897/photo/1', 'display_url': 'pic.x.com/D0rrqcyYXR', 'media_key': '3_1872951128020676608'}], 'mentions': [{'start': 3, 'end': 18, 'username': 'katiecooper4xo', 'id': '1500939864983932930'}]}","RT @katiecooper4xo: Christmas is over, now bring back summer ğŸ˜… https://t.co/D0rrqcyYXR",2024-12-28T11:09:36.000Z,['1872963101450273123'],"{'retweet_count': 4, 'reply_count': 0, 'like_count': 0, 'quote_count': 0, 'bookmark_count': 0, 'impression_count': 0}",1872963101450273123,1591749100415901698,"{'name': 'Tomas manea', 'id': '1591749100415901698', 'username': 'TomasManea'}",{},neutral,[]
"{'mentions': [{'start': 3, 'end': 16, 'username': 'NickMerianos', 'id': '303228005'}]}",RT @NickMerianos: Iâ€™m so heartbroken ğŸ’”. I suddenly lost my father on Christmas Eve. He went into cardiac arrest at home and we were unableâ€¦,2024-12-28T11:09:35.000Z,['1872963101185990795'],"{'retweet_count': 201, 'reply_count': 0, 'like_count': 0, 'quote_count': 0, 'bookmark_count': 0, 'impression_count': 0}",1872963101185990795,2710721406,"{'name': 'Crash_the_Flash ğŸ­', 'id': '2710721406', 'username': 'Crash_the_Flash'}",{},negative,[]
"{'mentions': [{'start': 0, 'end': 9, 'username': 'StarsBBL', 'id': '251890113'}]}","@StarsBBL stupid team, runied my christmas, my boxing day, and now my saturday, FOLD YOU CUNTS",2024-12-28T11:09:35.000Z,['1872963100468777434'],"{'retweet_count': 0, 'reply_count': 0, 'like_count': 0, 'quote_count': 0, 'bookmark_count': 0, 'impression_count': 0}",1872963100468777434,1667749774773354498,"{'name': 'Petey Z (Independent/ Moonee Valley)', 'id': '1667749774773354498', 'location': 'Flemington, Melbourne', 'username': 'sideho1998'}",{},negative,[]
"{'urls': [{'start': 83, 'end': 106, 'url': 'https://t.co/PfnkHRfvXS', 'expanded_url': 'http://Onlyfans.com/deric777', 'display_url': 'Onlyfans.com/deric777', 'images': [{'url': 'https://pbs.twimg.com/news_img/1870643354721001473/YyTM3iJg?format=jpg&name=orig', 'width': 1200, 'height': 1200}, {'url': 'https://pbs.twimg.com/news_img/1870643354721001473/YyTM3iJg?format=jpg&name=150x150', 'width': 150, 'height': 150}], 'status': 200, 'title': 'OnlyFans', 'description': 'OnlyFans is the social platform revolutionizing creator and fan connections. The site is inclusive of artists and content creators from all genres and allows them to monetize their content while developing authentic relationships with their fanbase.', 'unwound_url': 'https://onlyfans.com/deric777'}, {'start': 109, 'end': 132, 'url': 'https://t.co/32NXWIeKAa', 'expanded_url': 'http://onlyfans.com/deric888', 'display_url': 'onlyfans.com/deric888', 'images': [{'url': 'https://pbs.twimg.com/news_img/1870643352711966720/7sL3FzV6?format=jpg&name=orig', 'width': 1200, 'height': 1200}, {'url': 'https://pbs.twimg.com/news_img/1870643352711966720/7sL3FzV6?format=jpg&name=150x150', 'width': 150, 'height': 150}], 'status': 200, 'title': 'OnlyFans', 'description': 'OnlyFans is the social platform revolutionizing creator and fan connections. The site is inclusive of artists and content creators from all genres and allows them to monetize their content while developing authentic relationships with their fanbase.', 'unwound_url': 'https://onlyfans.com/deric888'}], 'mentions': [{'start': 3, 'end': 14, 'username': 'deric_Dk_2', 'id': '1510313681220870149'}]}","RT @deric_Dk_2: Merry ChristmasğŸ…ğŸ»ğŸ„ğŸ

Here are the Christmas presents you want.ğŸ‘‡ğŸ»
ğŸ‘‰ğŸ»https://t.co/PfnkHRfvXS
ğŸ‘‰ğŸ»https://t.co/32NXWIeKAa
followâ€¦",2024-12-28T11:09:35.000Z,['1872963099990573519'],"{'retweet_count': 382, 'reply_count': 0, 'like_count': 0, 'quote_count': 0, 'bookmark_count': 0, 'impression_count': 0}",1872963099990573519,1543481181739425793,"{'name': 'ğŸ–¤ Mark Cassidy ğŸ–¤', 'id': '1543481181739425793', 'location': 'Los AlcÃ¡zares, EspaÃ±a', 'username': 'Markcassidyof'}",{},positive,[]
"{'urls': [{'start': 68, 'end': 91, 'url': 'https://t.co/DdYhPjYWWj', 'expanded_url': 'https://x.com/adamsanerof/status/1871586344306438643/photo/1', 'display_url': 'pic.x.com/DdYhPjYWWj', 'media_key': '3_1871586334092980224'}], 'mentions': [{'start': 3, 'end': 15, 'username': 'adamsanerof', 'id': '1571779175526154241'}]}",RT @adamsanerof: Say â€œYES DADDYâ€ if you want this Christmas gift ğŸ˜œğŸ https://t.co/DdYhPjYWWj,2024-12-28T11:09:35.000Z,['1872963099470512520'],"{'retweet_count': 285, 'reply_count': 0, 'like_count': 0, 'quote_count': 0, 'bookmark_count': 0, 'impression_count': 0}",1872963099470512520,822260527,"{'name': 'ID Aaron', 'id': '822260527', 'location': 'UK', 'username': 'IAaron06'}",{},positive,[]
"{'annotations': [{'start': 22, 'end': 40, 'probability': 0.4746, 'type': 'Other', 'normalized_text': 'Muhoozi Kainerugaba'}, {'start': 91, 'end': 96, 'probability': 0.5334, 'type': 'Place', 'normalized_text': 'Uganda'}, {'start': 115, 'end': 119, 'probability': 0.4423, 'type': 'Organization', 'normalized_text': 'Force'}, {'start': 132, 'end': 135, 'probability': 0.6447, 'type': 'Organization', 'normalized_text': 'UPDF'}], 'mentions': [{'start': 3, 'end': 16, 'username': 'julieconrad_', 'id': '1071486710'}, {'start': 42, 'end': 55, 'username': 'mkainerugaba', 'id': '2723451553'}]}","RT @julieconrad_: Gen.Muhoozi Kainerugaba @mkainerugaba The Chief Of Defence Forces Of The Uganda People's Defence Force,wishes The UPDF aâ€¦",2024-12-28T11:09:35.000Z,['1872963099466318069'],"{'retweet_count': 4, 'reply_count': 0, 'like_count': 0, 'quote_count': 0, 'bookmark_count': 0, 'impression_count': 0}",1872963099466318069,1071486710,"{'name': 'JULIE KAINERUGABA â¤', 'id': '1071486710', 'location': 'Kampala City.', 'username': 'julieconrad_'}",{},positive,[]
"{'urls': [{'start': 112, 'end': 135, 'url': 'https://t.co/fa15m4w85l', 'expanded_url': 'http://sourl.cn/6VgaDZ', 'display_url': 'sourl.cn/6VgaDZ', 'images': [{'url': 'https://pbs.twimg.com/news_img/1871738315147513856/4bIchEcj?format=png&name=orig', 'width': 600, 'height': 315}, {'url': 'https://pbs.twimg.com/news_img/1871738315147513856/4bIchEcj?format=png&name=150x150', 'width': 150, 'height': 150}], 'status': 200, 'title': '4.9LB Pussy Ass Masturbator with Plump Butt, Portable Pocket Pussy Male Masturbator with 2 Holes for Men Masturbation, Adult Toys Sex Doll with Vagina Anal Male Sex Toy for Man Orgasm', 'description': 'male masturbator toy', 'unwound_url': 'https://www.amazon.com/dp/B0BZ3Y86CH/?keywords=sex+toy+for+men&m=A1S9T5OBQSYIKR&th=1'}], 'mentions': [{'start': 3, 'end': 12, 'username': '3someszn', 'id': '1583872695044902913'}]}","RT @3someszn: Grab her charming waist and enjoy the endless pleasure of sex with her!ğŸ«£
ğŸ«¶Get your Christmas Giftï¼šhttps://t.co/fa15m4w85l
ğŸ«¶10â€¦",2024-12-28T11:09:35.000Z,['1872963099285963244'],"{'retweet_count': 20, 'reply_count': 0, 'like_count': 0, 'quote_count': 0, 'bookmark_count': 0, 'impression_count': 0}",1872963099285963244,1699438848659378176,"{'name': 'CITY GIRLS ğŸ’œ', 'withheld': {'country_codes': ['ID']}, 'id': '1699438848659378176', 'location': 'Promo World', 'username': 'Unhinged_Bella'}",{},positive,[]
,Happy â€˜that weird time in between Christmas and New Year where all you do is eat and nobody knows what day it isâ€™ to all who celebrate ğŸ¥‚,2024-12-28T11:09:35.000Z,['1872963098967196143'],"{'retweet_count': 0, 'reply_count': 0, 'like_count': 0, 'quote_count': 0, 'bookmark_count': 0, 'impression_count': 0}",1872963098967196143,1286961466151763968,"{'name': 'Jemma â™¡', 'id': '1286961466151763968', 'location': 'Lancashire, North West', 'username': 'ohhjemma'}",{},positive,[]
"{'mentions': [{'start': 3, 'end': 14, 'username': 'WOWEARNENG', 'id': '1636258855834513408'}]}","RT @WOWEARNENG: ğŸ„WOWEARN TaskOn Christmas Celebration is Live!

ğŸ 500 USDT Prize Pool, 50 lucky winners, each gets 10 USDT!
â° Event Duratioâ€¦",2024-12-28T11:09:35.000Z,['1872963098669150434'],"{'retweet_count': 3665, 'reply_count': 0, 'like_count': 0, 'quote_count': 0, 'bookmark_count': 0, 'impression_count': 0}",1872963098669150434,1872961879028772864,"{'name': 'Deonna Takako', 'id': '1872961879028772864', 'username': 'DeonnaT37456'}",{},positive,[]
"{'urls': [{'start': 69, 'end': 92, 'url': 'https://t.co/ZjUATfGRtv', 'expanded_url': 'http://onlyfans.com/melbourneboy00', 'display_url': 'onlyfans.com/melbourneboy00', 'images': [{'url': 'https://pbs.twimg.com/news_img/1872813662295281664/aE4qg_OZ?format=jpg&name=orig', 'width': 1200, 'height': 1200}, {'url': 'https://pbs.twimg.com/news_img/1872813662295281664/aE4qg_OZ?format=jpg&name=150x150', 'width': 150, 'height': 150}], 'status': 200, 'title': 'OnlyFans', 'description': 'OnlyFans is the social platform revolutionizing creator and fan connections. The site is inclusive of artists and content creators from all genres and allows them to monetize their content while developing authentic relationships with their fanbase.', 'unwound_url': 'https://onlyfans.com/melbourneboy00'}, {'start': 93, 'end': 116, 'url': 'https://t.co/mcA5GQi8s1', 'expanded_url': 'https://x.com/Melbourneboy00/status/1871741586557837660/video/1', 'display_url': 'pic.x.com/mcA5GQi8s1', 'media_key': '3_1871741430261301248'}, {'start': 93, 'end': 116, 'url': 'https://t.co/mcA5GQi8s1', 'expanded_url': 'https://x.com/Melbourneboy00/status/1871741586557837660/video/1', 'display_url': 'pic.x.com/mcA5GQi8s1', 'media_key': '13_1871741514814242816'}], 'mentions': [{'start': 3, 'end': 18, 'username': 'Melbourneboy00', 'id': '1405365929060421635'}]}","RT @Melbourneboy00: Merry fucking Christmas to me ğŸ˜ˆğŸğŸ‘

Watch here ğŸ‘‡ğŸ¼
https://t.co/ZjUATfGRtv https://t.co/mcA5GQi8s1",2024-12-28T11:09:35.000Z,['1872963098157723719'],"{'retweet_count': 1546, 'reply_count': 0, 'like_count': 0, 'quote_count': 0, 'bookmark_count': 0, 'impression_count': 0}",1872963098157723719,1682453121048498178,"{'name': 'Beau Onlyfans', 'id': '1682453121048498178', 'username': 'BeauButler_XXX'}",{},positive,[]
"{'urls': [{'start': 68, 'end': 91, 'url': 'https://t.co/uJolqucRyL', 'expanded_url': 'https://x.com/krystalmadss/status/1872570591062143195/photo/1', 'display_url': 'pic.x.com/uJolqucRyL', 'media_key': '3_1872570324211957760'}], 'mentions': [{'start': 3, 'end': 16, 'username': 'krystalmadss', 'id': '1608423105277603841'}]}",RT @krystalmadss: sending christmas nudies to everyone who says hi! https://t.co/uJolqucRyL,2024-12-28T11:09:35.000Z,['1872963098040324203'],"{'retweet_count': 378, 'reply_count': 0, 'like_count': 0, 'quote_count': 0, 'bookmark_count': 0, 'impression_count': 0}",1872963098040324203,1676262727,"{'name': 'Ariel Wonders', 'id': '1676262727', 'location': 'CLICKğŸ‘‰', 'username': 'Lolly_Glow_'}",{},neutral,[]
"{'urls': [{'start': 84, 'end': 107, 'url': 'https://t.co/LB6ggxojPN', 'expanded_url': 'https://x.com/Daniryu_P/status/1872320482093240437/photo/1', 'display_url': 'pic.x.com/LB6ggxojPN', 'media_key': '3_1872318569205088256'}, {'start': 84, 'end': 107, 'url': 'https://t.co/LB6ggxojPN', 'expanded_url': 'https://x.com/Daniryu_P/status/1872320482093240437/photo/1', 'display_url': 'pic.x.com/LB6ggxojPN', 'media_key': '3_1872318610766450688'}], 'mentions': [{'start': 3, 'end': 13, 'username': 'Daniryu_P', 'id': '1566587594879770624'}], 'hashtags': [{'start': 67, 'end': 83, 'tag': 'ã‚¨ãƒ«ãƒªã®ãƒªãƒ´ã‚¡ã‚¤ç”Ÿèª•ç¥­2024'}]}","RT @Daniryu_P: Happy (late) Levi Day! (also merry christmas!) pt.1
#ã‚¨ãƒ«ãƒªã®ãƒªãƒ´ã‚¡ã‚¤ç”Ÿèª•ç¥­2024 https://t.co/LB6ggxojPN",2024-12-28T11:09:35.000Z,['1872963097469821269'],"{'retweet_count': 220, 'reply_count': 0, 'like_count': 0, 'quote_count': 0, 'bookmark_count': 0, 'impression_count': 0}",1872963097469821269,1489095111099092995,"{'name': 'M', 'id': '1489095111099092995', 'username': 'Komerin_'}",{},positive,['#ã‚¨ãƒ«ãƒªã®ãƒªãƒ´ã‚¡ã‚¤ç”Ÿèª•ç¥­2024']
"{'mentions': [{'start': 3, 'end': 16, 'username': 'RupertLowe10', 'id': '1121375429884039175'}]}",RT @RupertLowe10: There should be an urgent review of the sentencing for those imprisoned over posting something unpleasant on social mediaâ€¦,2024-12-28T11:09:34.000Z,['1872963096484167962'],"{'retweet_count': 3273, 'reply_count': 0, 'like_count': 0, 'quote_count': 0, 'bookmark_count': 0, 'impression_count': 0}",1872963096484167962,1591115537093885959,"{'name': 'floatinganarchy37', 'id': '1591115537093885959', 'username': 'floatinanarchy'}",{},negative,[]
"{'urls': [{'start': 102, 'end': 125, 'url': 'https://t.co/OgMw1jLmOX', 'expanded_url': 'https://x.com/riddzX29/status/1872940477819044241/video/1', 'display_url': 'pic.x.com/OgMw1jLmOX', 'media_key': '7_1872940447188041729'}], 'annotations': [{'start': 83, 'end': 100, 'probability': 0.9797, 'type': 'Person', 'normalized_text': 'Helen Steiner Rice'}], 'mentions': [{'start': 3, 'end': 12, 'username': 'riddzX29', 'id': '1532650939965853696'}]}",RT @riddzX29: Peace on earth will come to stay when we live Christmas every day. - Helen Steiner Rice https://t.co/OgMw1jLmOX,2024-12-28T11:09:34.000Z,['1872963096157012272'],"{'retweet_count': 13, 'reply_count': 0, 'like_count': 0, 'quote_count': 0, 'bookmark_count': 0, 'impression_count': 0}",1872963096157012272,1470981109588451329,"{'name': 'Anuj', 'id': '1470981109588451329', 'username': 'AnujYad20041576'}",{},positive,[]
"{'annotations': [{'start': 28, 'end': 32, 'probability': 0.5704, 'type': 'Other', 'normalized_text': 'Otter'}, {'start': 34, 'end': 34, 'probability': 0.4863, 'type': 'Other', 'normalized_text': 's'}, {'start': 75, 'end': 79, 'probability': 0.6064, 'type': 'Person', 'normalized_text': 'Santa'}, {'start': 104, 'end': 114, 'probability': 0.5041, 'type': 'Other', 'normalized_text': 'Otter World'}, {'start': 134, 'end': 138, 'probability': 0.5642, 'type': 'Other', 'normalized_text': 'Chris'}], 'mentions': [{'start': 3, 'end': 14, 'username': 'Otter_Loot', 'id': '1813124873134481411'}]}","RT @Otter_Loot: ğŸ„ Minigame: Otter's Christmas - Find 5 Christmas Words! ğŸ…

Santa Claus is coming to the Otter World! ğŸŒŸ Can you spot 5 Chrisâ€¦",2024-12-28T11:09:34.000Z,['1872963096123457718'],"{'retweet_count': 15, 'reply_count': 0, 'like_count': 0, 'quote_count': 0, 'bookmark_count': 0, 'impression_count': 0}",1872963096123457718,1769437901123682305,"{'name': ""GUST B'GAND"", 'id': '1769437901123682305', 'username': 'GustBGand'}",{},neutral,[]
"{'annotations': [{'start': 13, 'end': 19, 'probability': 0.742, 'type': 'Person', 'normalized_text': 'chaewon'}, {'start': 22, 'end': 26, 'probability': 0.8177, 'type': 'Person', 'normalized_text': 'eunbi'}, {'start': 29, 'end': 33, 'probability': 0.7832, 'type': 'Person', 'normalized_text': 'minju'}, {'start': 41, 'end': 44, 'probability': 0.6784, 'type': 'Person', 'normalized_text': 'yena'}, {'start': 63, 'end': 70, 'probability': 0.906, 'type': 'Person', 'normalized_text': 'wonyoung'}, {'start': 83, 'end': 87, 'probability': 0.706, 'type': 'Person', 'normalized_text': 'izone'}, {'start': 91, 'end': 97, 'probability': 0.719, 'type': 'Person', 'normalized_text': 'jo yuri'}, {'start': 105, 'end': 110, 'probability': 0.6493, 'type': 'Person', 'normalized_text': 'sakura'}, {'start': 139, 'end': 146, 'probability': 0.9086, 'type': 'Person', 'normalized_text': 'wonyoung'}], 'mentions': [{'start': 3, 'end': 11, 'username': 'ayjkcwy', 'id': '1741392745351249920'}]}","RT @ayjkcwy: chaewon, eunbi, minju &amp; yena christmas selca,
wonyoung mentioning izone, 
jo yuri &amp; sakura sitting beside each other,
wonyoungâ€¦",2024-12-28T11:09:34.000Z,['1872963095896965294'],"{'retweet_count': 2483, 'reply_count': 0, 'like_count': 0, 'quote_count': 0, 'bookmark_count': 0, 'impression_count': 0}",1872963095896965294,1258370514214518786,"{'name': 'aster', 'id': '1258370514214518786', 'username': 'sony3u'}",{},neutral,[]
"{'mentions': [{'start': 3, 'end': 14, 'username': 'taxidamien', 'id': '2188741785'}]}",RT @taxidamien: So a young man got into taxi Christmas eve &amp; said if I didn't mind he forgot his wallet so had to run in and get me the farâ€¦,2024-12-28T11:09:34.000Z,['1872963095246844373'],"{'retweet_count': 195, 'reply_count': 0, 'like_count': 0, 'quote_count': 0, 'bookmark_count': 0, 'impression_count': 0}",1872963095246844373,1854533186497269778,"{'name': 'Quasi Modo', 'id': '1854533186497269778', 'location': 'Isle of Man, United Kingdom', 'username': 'SquasiModough'}",{},neutral,[]
"{'urls': [{'start': 50, 'end': 73, 'url': 'https://t.co/gJP7OuSjmd', 'expanded_url': 'https://x.com/anglonsfw/status/1872870575447904738/photo/1', 'display_url': 'pic.x.com/gJP7OuSjmd', 'media_key': '3_1872867296584032257'}, {'start': 50, 'end': 73, 'url': 'https://t.co/gJP7OuSjmd', 'expanded_url': 'https://x.com/anglonsfw/status/1872870575447904738/photo/1', 'display_url': 'pic.x.com/gJP7OuSjmd', 'media_key': '3_1872870564840304640'}], 'mentions': [{'start': 3, 'end': 13, 'username': 'anglonsfw', 'id': '2660801395'}]}",RT @anglonsfw: I'm dreaming of a white christmas~ https://t.co/gJP7OuSjmd,2024-12-28T11:09:34.000Z,['1872963095112630320'],"{'retweet_count': 86, 'reply_count': 0, 'like_count': 0, 'quote_count': 0, 'bookmark_count': 0, 'impression_count': 0}",1872963095112630320,1103394321431252994,"{'name': 'k2johnleo Hue', 'id': '1103394321431252994', 'username': 'k2johnleo'}",{},neutral,[]
"{'annotations': [{'start': 85, 'end': 94, 'probability': 0.6814, 'type': 'Person', 'normalized_text': 'Avery Jane'}], 'mentions': [{'start': 3, 'end': 14, 'username': 'WontonSoou', 'id': '1270598590600081409'}], 'hashtags': [{'start': 119, 'end': 128, 'tag': 'butthole'}]}",RT @WontonSoou: Good Morning &amp; Merry Christmas Eve! Start your day off with some Avery Jane and her amazing gaping #butthole ğŸ’ğŸ©ğŸ„ğŸ¤— https://tâ€¦,2024-12-28T11:09:34.000Z,['1872963094936498447'],"{'retweet_count': 151, 'reply_count': 0, 'like_count': 0, 'quote_count': 0, 'bookmark_count': 0, 'impression_count': 0}",1872963094936498447,732098702165348352,"{'name': 'Jim W. Graham III', 'id': '732098702165348352', 'location': 'Warrensville Heights, Ohio', 'username': 'JimWGrahamIII'}",{},positive,['#butthole']
"{'mentions': [{'start': 0, 'end': 16, 'username': 'DangelErah62941', 'id': '1687162542588846080'}, {'start': 17, 'end': 25, 'username': 'eliz883', 'id': '993962483332329472'}, {'start': 26, 'end': 33, 'username': 'jmsfnt', 'id': '2292812089'}, {'start': 50, 'end': 57, 'username': 'jmsfnt', 'id': '2292812089'}, {'start': 79, 'end': 95, 'username': 'KIKIcatofficial', 'id': '1869403085925412865'}]}","@DangelErah62941 @eliz883 @jmsfnt merry christmas @jmsfnt  bless us all &lt;3  @KIKIcatofficial
ur wallet going 2 x1000",2024-12-28T11:09:34.000Z,['1872963094600876378'],"{'retweet_count': 0, 'reply_count': 0, 'like_count': 0, 'quote_count': 0, 'bookmark_count': 0, 'impression_count': 1}",1872963094600876378,1699320758160457728,"{'name': 'SAYKEL â¤ï¸ ğŸ‰ $EVER', 'id': '1699320758160457728', 'username': 'justineskrt18'}",{},positive,[]
"{'mentions': [{'start': 3, 'end': 15, 'username': 'notannelisa', 'id': '323081325'}]}",RT @notannelisa: treated my parents to a scalp spa for christmas and this is how i picked them up after their appt lmao https://t.co/dsJabcâ€¦,2024-12-28T11:09:34.000Z,['1872963094282227946'],"{'retweet_count': 13859, 'reply_count': 0, 'like_count': 0, 'quote_count': 0, 'bookmark_count': 0, 'impression_count': 0}",1872963094282227946,1167809506442665985,"{'name': 'Saint ğŸ¥¶ğŸ¥¶ğŸ¤“ğŸ¤“', 'id': '1167809506442665985', 'username': 'Nureniabdulqud1'}",{},positive,[]
"{'annotations': [{'start': 19, 'end': 26, 'probability': 0.9743, 'type': 'Place', 'normalized_text': 'Colorado'}, {'start': 103, 'end': 115, 'probability': 0.9494, 'type': 'Place', 'normalized_text': 'Idaho Springs'}], 'mentions': [{'start': 3, 'end': 17, 'username': 'WeatherNation', 'id': '25531732'}]}","RT @WeatherNation: Colorado, eager to embrace the Christmas season, has witnessed snowfall not only in Idaho Springs but in places like theâ€¦",2024-12-28T11:09:34.000Z,['1872963093955002755'],"{'retweet_count': 4, 'reply_count': 0, 'like_count': 0, 'quote_count': 0, 'bookmark_count': 0, 'impression_count': 0}",1872963093955002755,1597623710650859527,"{'name': 'A.D. Seductions', 'id': '1597623710650859527', 'location': 'Jersey City, NJ', 'username': 'ASeductions'}",{},positive,[]
"{'annotations': [{'start': 58, 'end': 72, 'probability': 0.8962, 'type': 'Person', 'normalized_text': 'Sriram Krishnan'}], 'mentions': [{'start': 3, 'end': 19, 'username': 'littlemissjacob', 'id': '83148331'}]}",RT @littlemissjacob: Some of you spent Christmas dragging Sriram Krishnan through the mud without knowing a thing about him. He didnâ€™t stumâ€¦,2024-12-28T11:09:33.000Z,['1872963092046594367'],"{'retweet_count': 86, 'reply_count': 0, 'like_count': 0, 'quote_count': 0, 'bookmark_count': 0, 'impression_count': 0}",1872963092046594367,1493850315241984000,"{'name': 'Master Chief Petty Officer John - 117', 'id': '1493850315241984000', 'location': 'Installation X', 'username': '5L4Y3R_0F_D00M'}",{},neutral,[]
"{'urls': [{'start': 87, 'end': 110, 'url': 'https://t.co/QwSKA2C8s4', 'expanded_url': 'https://twitter.com/fx1jonny/status/1872575797107769408', 'display_url': 'x.com/fx1jonny/statuâ€¦'}]}","ğŸ’¯  True, Merry Christmas and Happy New to All Christianâ€™s! Help stop killing the kids! https://t.co/QwSKA2C8s4",2024-12-28T11:09:33.000Z,['1872963091920765136'],"{'retweet_count': 0, 'reply_count': 0, 'like_count': 0, 'quote_count': 0, 'bookmark_count': 0, 'impression_count': 0}",1872963091920765136,1438952935,"{'name': 'Khurshid Chaudury', 'id': '1438952935', 'location': 'Scotts Valley, CA', 'username': 'KChaudury'}",{},positive,[]
"{'annotations': [{'start': 30, 'end': 42, 'probability': 0.5871, 'type': 'Other', 'normalized_text': 'Christmas Eve'}, {'start': 79, 'end': 83, 'probability': 0.379, 'type': 'Other', 'normalized_text': 'CLONE'}, {'start': 90, 'end': 94, 'probability': 0.3481, 'type': 'Organization', 'normalized_text': 'BOOST'}], 'mentions': [{'start': 3, 'end': 19, 'username': 'Dangaye777clone', 'id': '1805862901959249920'}], 'cashtags': [{'start': 78, 'end': 84, 'tag': 'CLONE'}, {'start': 89, 'end': 95, 'tag': 'BOOST'}]}",RT @Dangaye777clone: Today is Christmas Eve have to be in good shape tomorrow $CLONE AND $BOOST,2024-12-28T11:09:33.000Z,['1872963091895599579'],"{'retweet_count': 6, 'reply_count': 0, 'like_count': 0, 'quote_count': 0, 'bookmark_count': 0, 'impression_count': 0}",1872963091895599579,1865385126433017856,"{'name': 'Maigarin jos', 'id': '1865385126433017856', 'username': 'MaigarinJ6'}",{},positive,[]
"{'urls': [{'start': 50, 'end': 73, 'url': 'https://t.co/bqFGv20O3W', 'expanded_url': 'https://x.com/MoreRice23141/status/1872199854564532618/photo/1', 'display_url': 'pic.x.com/bqFGv20O3W', 'media_key': '3_1872199851661783040'}], 'mentions': [{'start': 3, 'end': 17, 'username': 'MoreRice23141', 'id': '1760905411052339200'}]}",RT @MoreRice23141: Someone's Christmas present ğŸ˜…ğŸ«£ https://t.co/bqFGv20O3W,2024-12-28T11:09:33.000Z,['1872963091664929019'],"{'retweet_count': 5, 'reply_count': 0, 'like_count': 0, 'quote_count': 0, 'bookmark_count': 0, 'impression_count': 0}",1872963091664929019,1842424780152025089,"{'name': 'Juan Smith', 'id': '1842424780152025089', 'location': 'Cape Town, South Africa', 'username': 'smith36192'}",{},neutral,[]
"{'mentions': [{'start': 3, 'end': 14, 'username': 'WOWEARNENG', 'id': '1636258855834513408'}]}","RT @WOWEARNENG: ğŸ„WOWEARN TaskOn Christmas Celebration is Live!

ğŸ 500 USDT Prize Pool, 50 lucky winners, each gets 10 USDT!
â° Event Duratioâ€¦",2024-12-28T11:09:33.000Z,['1872963091555910070'],"{'retweet_count': 3665, 'reply_count': 0, 'like_count': 0, 'quote_count': 0, 'bookmark_count': 0, 'impression_count': 0}",1872963091555910070,1872962086718124032,"{'name': 'Del Sha', 'id': '1872962086718124032', 'username': 'DelSha614973'}",{},positive,[]
"{'annotations': [{'start': 54, 'end': 59, 'probability': 0.8066, 'type': 'Place', 'normalized_text': 'London'}], 'mentions': [{'start': 3, 'end': 18, 'username': 'HussainShafiei', 'id': '1356159033019916290'}]}","RT @HussainShafiei: Whole apartment blocks in central London sit empty, owned by foreign investors using them as money vaults. Only 5 apartâ€¦",2024-12-28T11:09:33.000Z,['1872963090855440527'],"{'retweet_count': 15, 'reply_count': 0, 'like_count': 0, 'quote_count': 0, 'bookmark_count': 0, 'impression_count': 0}",1872963090855440527,3355636803,"{'name': 'ying/yangğŸ‡¸ğŸ‡´ğŸ‡µğŸ‡¸', 'id': '3355636803', 'location': 'Mars', 'username': 'ismailh88700379'}",{},negative,[]
"{'mentions': [{'start': 3, 'end': 13, 'username': 'unich_com', 'id': '1767474947780493312'}]}","RT @unich_com: We understand that the Freedom Fam has grown globally, with many members coming from diverse cultures!ğŸŒğŸš€

ğŸ‘‰If Christmas isn'â€¦",2024-12-28T11:09:33.000Z,['1872963090758943135'],"{'retweet_count': 4130, 'reply_count': 0, 'like_count': 0, 'quote_count': 0, 'bookmark_count': 0, 'impression_count': 0}",1872963090758943135,1620700629118365696,"{'name': 'dffdfdê§IPê§‚â™¦ï¸', 'id': '1620700629118365696', 'username': 'mingwu27156441'}",{},positive,[]
"{'mentions': [{'start': 3, 'end': 14, 'username': 'JoongTrend', 'id': '1565380039965048832'}, {'start': 72, 'end': 80, 'username': 'ChenRcj', 'id': '1063930322105090050'}], 'hashtags': [{'start': 32, 'end': 45, 'tag': 'RankofArchen'}, {'start': 81, 'end': 90, 'tag': 'à¸ˆà¸¸à¸‡à¸­à¸²à¹€à¸Šà¸™'}]}","RT @JoongTrend: ğŸ“ˆ Trend Report [#RankofArchen] The Heart Killers EP 6 l @ChenRcj #à¸ˆà¸¸à¸‡à¸­à¸²à¹€à¸Šà¸™

Itâ€™s truly incredible! Thank you, everyone, forâ€¦",2024-12-28T11:09:33.000Z,['1872963090721194307'],"{'retweet_count': 96, 'reply_count': 0, 'like_count': 0, 'quote_count': 0, 'bookmark_count': 0, 'impression_count': 0}",1872963090721194307,1696895422093000705,"{'name': 'à¸™à¹‰à¸­à¸¢ à¸™à¸.ğŸ£ğŸŒ»', 'id': '1696895422093000705', 'location': 'TRANSLATER THAI TO ENG  ', 'username': 'bl_zonee'}",{},positive,"['#RankofArchen', '#à¸ˆ']"
"{'mentions': [{'start': 3, 'end': 11, 'username': 'kafangi', 'id': '1218241052043284480'}]}",RT @kafangi: Egerton University student leaders saai wanafaa kuwa wamehold a media briefing calling for the release of Kibet Bull but theyâ€¦,2024-12-28T11:09:33.000Z,['1872963090633154861'],"{'retweet_count': 562, 'reply_count': 0, 'like_count': 0, 'quote_count': 0, 'bookmark_count': 0, 'impression_count': 0}",1872963090633154861,1354772947987292162,"{'name': 'Kelvin ğŸ˜', 'id': '1354772947987292162', 'location': 'Earth', 'username': 'CM_Ngaruiya'}",{},neutral,[]
"{'urls': [{'start': 46, 'end': 69, 'url': 'https://t.co/y15VyNlswe', 'expanded_url': 'https://x.com/dstrkygf/status/1872386778084372985/video/1', 'display_url': 'pic.x.com/y15VyNlswe', 'media_key': '7_1872386716801155073'}], 'mentions': [{'start': 3, 'end': 12, 'username': 'dstrkygf', 'id': '1815892594108334080'}]}",RT @dstrkygf: christmas came late this year ğŸ„ https://t.co/y15VyNlswe,2024-12-28T11:09:33.000Z,['1872963090570236025'],"{'retweet_count': 213, 'reply_count': 0, 'like_count': 0, 'quote_count': 0, 'bookmark_count': 0, 'impression_count': 0}",1872963090570236025,1501765092517597185,"{'name': 'cookiemonsterğŸ«§ğŸ’—ğŸ’—', 'id': '1501765092517597185', 'username': 'Hotdogwater_3'}",{},neutral,[]
"{'urls': [{'start': 305, 'end': 328, 'url': 'https://t.co/SfXZw4kzRG', 'expanded_url': 'https://x.com/i/web/status/1872963090318315613', 'display_url': 'x.com/i/web/status/1â€¦'}], 'mentions': [{'start': 0, 'end': 12, 'username': 'marko_richo', 'id': '517981032'}, {'start': 13, 'end': 26, 'username': 'PeterSweden7', 'id': '707231479047315456'}]}","@marko_richo @PeterSweden7 I do shop and itâ€™s always full with bovaers milk, butter and cheeses because weâ€™re boycotting. People are starting to check now and itâ€™s only going to gain momentum. 

Did you see the huge waste, milk, cream and butters etc over Christmas because of the boycott. 
Everyone wasâ€¦ https://t.co/SfXZw4kzRG",2024-12-28T11:09:33.000Z,['1872963090318315613'],"{'retweet_count': 0, 'reply_count': 0, 'like_count': 0, 'quote_count': 0, 'bookmark_count': 0, 'impression_count': 0}",1872963090318315613,1782340201311834113,"{'name': 'JustMe ğŸ‡¬ğŸ‡§', 'id': '1782340201311834113', 'username': 'JustMe006318757'}",{},negative,[]
"{'mentions': [{'start': 3, 'end': 12, 'username': 'swaps_io', 'id': '1561671231266607106'}]}","RT @swaps_io: Hey, fam! 

A special surprise awaits you to make your Christmas and New Year celebrations even more exciting ğŸğŸ¤«Â 

It's timeâ€¦",2024-12-28T11:09:33.000Z,['1872963090062688435'],"{'retweet_count': 2295, 'reply_count': 0, 'like_count': 0, 'quote_count': 0, 'bookmark_count': 0, 'impression_count': 0}",1872963090062688435,1872962997280489472,"{'name': 'Carman Ina', 'id': '1872962997280489472', 'username': 'CarmanIna86561'}",{},positive,[]
"{'annotations': [{'start': 22, 'end': 25, 'probability': 0.9521, 'type': 'Other', 'normalized_text': 'I DO'}, {'start': 31, 'end': 42, 'probability': 0.9434, 'type': 'Person', 'normalized_text': 'DOH KYUNGSOO'}, {'start': 69, 'end': 85, 'probability': 0.8352, 'type': 'Other', 'normalized_text': 'MelOn Daily Chart'}], 'mentions': [{'start': 3, 'end': 19, 'username': 'Doh_KyungSooSoo', 'id': '1344185184338333696'}]}","RT @Doh_KyungSooSoo: 'I DO' by DOH KYUNGSOO went back to the Top 200 MelOn Daily Chart. 

It is now charting at #172, since Christmas songsâ€¦",2024-12-28T11:09:33.000Z,['1872963089781739998'],"{'retweet_count': 81, 'reply_count': 0, 'like_count': 0, 'quote_count': 0, 'bookmark_count': 0, 'impression_count': 0}",1872963089781739998,1494317040836186112,"{'name': 'Doh Kyung SooğŸŒ¸ BLOSSOM ğŸŒ¸', 'id': '1494317040836186112', 'username': 'Do_Kyungsoo28'}",{},positive,['#172']
"{'urls': [{'start': 49, 'end': 72, 'url': 'https://t.co/M7Ns55XxyQ', 'expanded_url': 'https://x.com/ElonMuskAOC/status/1872038134986498234/photo/1', 'display_url': 'pic.x.com/M7Ns55XxyQ', 'media_key': '3_1872038131094130689'}], 'mentions': [{'start': 3, 'end': 15, 'username': 'ElonMuskAOC', 'id': '1382209054999646212'}]}",RT @ElonMuskAOC: What did you get for Christmas? https://t.co/M7Ns55XxyQ,2024-12-28T11:09:33.000Z,['1872963088921796677'],"{'retweet_count': 64, 'reply_count': 0, 'like_count': 0, 'quote_count': 0, 'bookmark_count': 0, 'impression_count': 0}",1872963088921796677,1653338174,"{'name': 'Elon reeve', 'id': '1653338174', 'username': 'Elonmusk16261'}",{},neutral,[]
"{'mentions': [{'start': 3, 'end': 15, 'username': 'notannelisa', 'id': '323081325'}]}",RT @notannelisa: treated my parents to a scalp spa for christmas and this is how i picked them up after their appt lmao https://t.co/dsJabcâ€¦,2024-12-28T11:09:33.000Z,['1872963088879845749'],"{'retweet_count': 13859, 'reply_count': 0, 'like_count': 0, 'quote_count': 0, 'bookmark_count': 0, 'impression_count': 0}",1872963088879845749,709481662569119744,"{'name': 'â™¡', 'id': '709481662569119744', 'location': 'she/her', 'username': '_one__love__'}",{},positive,[]
"{'mentions': [{'start': 3, 'end': 17, 'username': 'craziestleakc', 'id': '1789305153809448961'}]}",RT @craziestleakc: camilla araujo christmas vids are getting leaked â‰ï¸â‰ï¸ she is so good with shaking it ğŸ˜­ğŸ˜­ğŸ™ she should get an award for doiâ€¦,2024-12-28T11:09:32.000Z,['1872963088603062776'],"{'retweet_count': 8, 'reply_count': 0, 'like_count': 0, 'quote_count': 0, 'bookmark_count': 0, 'impression_count': 0}",1872963088603062776,1872959772569550851,"{'name': 'gafafa', 'id': '1872959772569550851', 'username': 'gafafa41936'}",{},positive,[]
"{'urls': [{'start': 70, 'end': 93, 'url': 'https://t.co/6300Z0BlP9', 'expanded_url': 'https://x.com/onlyonemanassa/status/1872725855497273598/video/1', 'display_url': 'pic.x.com/6300Z0BlP9', 'media_key': '7_1872725663616020480'}], 'mentions': [{'start': 3, 'end': 18, 'username': 'onlyonemanassa', 'id': '378823460'}]}",RT @onlyonemanassa: Finally learned the Christmas greeting in Twi ğŸ˜‚ğŸ‡¬ğŸ‡­ https://t.co/6300Z0BlP9,2024-12-28T11:09:32.000Z,['1872963088292692217'],"{'retweet_count': 106, 'reply_count': 0, 'like_count': 0, 'quote_count': 0, 'bookmark_count': 0, 'impression_count': 0}",1872963088292692217,1431673085325979660,"{'name': 'Jamal Kwame', 'id': '1431673085325979660', 'username': 'Cwame606'}",{},positive,[]
"{'mentions': [{'start': 3, 'end': 13, 'username': 'dino_hbar', 'id': '1859183808429309953'}]}","RT @dino_hbar: To: Christmas Letter Senders
Subject: Fw: Christmas Tie Delivery

I am forwarding this E-Mail from the IT department in regaâ€¦",2024-12-28T11:09:32.000Z,['1872963088095559952'],"{'retweet_count': 28, 'reply_count': 0, 'like_count': 0, 'quote_count': 0, 'bookmark_count': 0, 'impression_count': 0}",1872963088095559952,1556525720331063297,"{'name': 'Jukan LarraÃ±aga (Krolikowski)', 'id': '1556525720331063297', 'username': 'JukanLarranaga'}",{},neutral,[]
"{'urls': [{'start': 65, 'end': 88, 'url': 'https://t.co/axsCNKwWIl', 'expanded_url': 'https://x.com/milovescv/status/1872948250132840868/video/1', 'display_url': 'pic.x.com/axsCNKwWIl', 'media_key': '7_1872948202338693120'}], 'mentions': [{'start': 3, 'end': 13, 'username': 'milovescv', 'id': '1700496306521968640'}]}","RT @milovescv: COLET'S NEW IG STORY

â€œMERRY CHRISTMAS!!!! ğŸ„â¤ï¸â¤ï¸â€ https://t.co/axsCNKwWIl",2024-12-28T11:09:32.000Z,['1872963087902622185'],"{'retweet_count': 60, 'reply_count': 0, 'like_count': 0, 'quote_count': 0, 'bookmark_count': 0, 'impression_count': 0}",1872963087902622185,1769556691459182593,"{'name': 'Petsz ğŸ¨', 'id': '1769556691459182593', 'location': 'BINIverse â€” MalAiah ğŸ’™ğŸ’›', 'username': 'Petszy_B'}",{},neutral,[]
"{'mentions': [{'start': 3, 'end': 15, 'username': 'Suffragent_', 'id': '804449376'}]}","RT @Suffragent_: Another 407 men invaded England, yesterday â€” thatâ€™s a combined total of 858 for Christmas Day and Boxing Day. 

All will bâ€¦",2024-12-28T11:09:32.000Z,['1872963087864852973'],"{'retweet_count': 602, 'reply_count': 0, 'like_count': 0, 'quote_count': 0, 'bookmark_count': 0, 'impression_count': 0}",1872963087864852973,1087390005784399873,"{'name': 'Dorothy Jepson', 'id': '1087390005784399873', 'location': ' England', 'username': 'DorothyJepson'}",{},neutral,[]
"{'mentions': [{'start': 3, 'end': 19, 'username': 'itscarterhughes', 'id': '248113252'}]}","RT @itscarterhughes: ï¿¼ğŸš¨BREAKING: President Trump plans to make Election Day a national holiday, implement single-day voting, paper ballots,â€¦",2024-12-28T11:09:32.000Z,['1872963087801987213'],"{'retweet_count': 4015, 'reply_count': 0, 'like_count': 0, 'quote_count': 0, 'bookmark_count': 0, 'impression_count': 0}",1872963087801987213,1852686024381505536,"{'name': 'JenMcQ', 'id': '1852686024381505536', 'username': 'JenniferMc64362'}",{},positive,[]
"{'mentions': [{'start': 3, 'end': 13, 'username': 'unich_com', 'id': '1767474947780493312'}]}","RT @unich_com: We understand that the Freedom Fam has grown globally, with many members coming from diverse cultures!ğŸŒğŸš€

ğŸ‘‰If Christmas isn'â€¦",2024-12-28T11:09:32.000Z,['1872963087399305354'],"{'retweet_count': 4130, 'reply_count': 0, 'like_count': 0, 'quote_count': 0, 'bookmark_count': 0, 'impression_count': 0}",1872963087399305354,1742567964824760320,"{'name': 'dalessandro äº’fo', 'id': '1742567964824760320', 'username': 'dalessandr53436'}",{},positive,[]
"{'mentions': [{'start': 0, 'end': 12, 'username': 'TerryMac999', 'id': '87190650'}, {'start': 13, 'end': 29, 'username': 'gerrymccartney1', 'id': '817331676456112128'}]}",@TerryMac999 @gerrymccartney1 Thanks Terry! Hope you had a good Christmas.,2024-12-28T11:09:32.000Z,['1872963087227339063'],"{'retweet_count': 0, 'reply_count': 0, 'like_count': 0, 'quote_count': 0, 'bookmark_count': 0, 'impression_count': 0}",1872963087227339063,49155439,"{'name': 'Ewan Gibbs', 'id': '49155439', 'location': 'Glasgow', 'username': 'ewangibbs'}",{},positive,[]
"{'mentions': [{'start': 3, 'end': 16, 'username': 'RupertLowe10', 'id': '1121375429884039175'}]}",RT @RupertLowe10: There should be an urgent review of the sentencing for those imprisoned over posting something unpleasant on social mediaâ€¦,2024-12-28T11:09:32.000Z,['1872963086891762003'],"{'retweet_count': 3273, 'reply_count': 0, 'like_count': 0, 'quote_count': 0, 'bookmark_count': 0, 'impression_count': 0}",1872963086891762003,1829283024321536000,"{'name': 'Bligh', 'id': '1829283024321536000', 'location': 'UK', 'username': 'bligh52'}",{},negative,[]
"{'mentions': [{'start': 3, 'end': 19, 'username': 'RevdBrettMurphy', 'id': '1616247979379249153'}]}","RT @RevdBrettMurphy: The King's Speech:
Friends who know me well, are aware that I am an avowed monarchist, I almost never criticize the Moâ€¦",2024-12-28T11:09:32.000Z,['1872963086866600346'],"{'retweet_count': 1543, 'reply_count': 0, 'like_count': 0, 'quote_count': 0, 'bookmark_count': 0, 'impression_count': 0}",1872963086866600346,4311289161,"{'name': 'Truckinâ€™ Patriot', 'id': '4311289161', 'location': 'Offenham, England', 'username': 'id_gray1'}",{},positive,[]
"{'mentions': [{'start': 3, 'end': 17, 'username': 'Asante_nation', 'id': '1044363249695825920'}]}",RT @Asante_nation: The Ohemaa Darkowaa Foundation founded by Yamfohemaa Nana Darkowaa Ampem Kyerewaa II has organized a Christmas party forâ€¦,2024-12-28T11:09:32.000Z,['1872963086459801875'],"{'retweet_count': 15, 'reply_count': 0, 'like_count': 0, 'quote_count': 0, 'bookmark_count': 0, 'impression_count': 0}",1872963086459801875,2430808498,"{'name': 'Chase', 'id': '2430808498', 'username': 'duah_desmond'}",{},positive,[]
"{'urls': [{'start': 83, 'end': 106, 'url': 'https://t.co/lL0EobGN9x', 'expanded_url': 'https://x.com/KaiserArt1/status/1871650936265072965/photo/1', 'display_url': 'pic.x.com/lL0EobGN9x', 'media_key': '3_1871650786423255040'}], 'mentions': [{'start': 3, 'end': 14, 'username': 'KaiserArt1', 'id': '1221472114089381888'}]}","RT @KaiserArt1: Merry Christmas 
Have a nice holidays bros thanks for all the love https://t.co/lL0EobGN9x",2024-12-28T11:09:32.000Z,['1872963086451392681'],"{'retweet_count': 118, 'reply_count': 0, 'like_count': 0, 'quote_count': 0, 'bookmark_count': 0, 'impression_count': 0}",1872963086451392681,1151844818,"{'name': 'CEO of HORNY On Main', 'id': '1151844818', 'location': 'Â¯\\_(ãƒ„)_/Â¯', 'username': 'ThatDumbBitchOF'}",{},positive,[]
"{'annotations': [{'start': 87, 'end': 90, 'probability': 0.5531, 'type': 'Organization', 'normalized_text': 'UPDF'}], 'mentions': [{'start': 3, 'end': 16, 'username': 'mkainerugaba', 'id': '2723451553'}]}",RT @mkainerugaba: I wish a very Merry Christmas and Happy New Year to God's Army...the UPDF! I consider everyone of you a superhero. I prayâ€¦,2024-12-28T11:09:32.000Z,['1872963086287815046'],"{'retweet_count': 492, 'reply_count': 0, 'like_count': 0, 'quote_count': 0, 'bookmark_count': 0, 'impression_count': 0}",1872963086287815046,1417599153136340993,"{'name': 'Bob Kakuru', 'id': '1417599153136340993', 'username': 'BobKakuru'}",{},positive,[]
"{'annotations': [{'start': 17, 'end': 22, 'probability': 0.8162, 'type': 'Organization', 'normalized_text': 'Ravens'}, {'start': 36, 'end': 40, 'probability': 0.5389, 'type': 'Person', 'normalized_text': 'Lamar'}, {'start': 65, 'end': 69, 'probability': 0.7385, 'type': 'Person', 'normalized_text': 'Henry'}, {'start': 108, 'end': 114, 'probability': 0.6596, 'type': 'Person', 'normalized_text': 'Andrews'}], 'mentions': [{'start': 3, 'end': 15, 'username': 'RealmRavens', 'id': '1341093619445485569'}]}","RT @RealmRavens: Ravens blowout win
Lamar 3 TDs, 255 total yards
Henry back in the end zone &amp; 165 yards
Andrews &amp; Likely TD
Mads Sack
Boardâ€¦",2024-12-28T11:09:32.000Z,['1872963085620920569'],"{'retweet_count': 588, 'reply_count': 0, 'like_count': 0, 'quote_count': 0, 'bookmark_count': 0, 'impression_count': 0}",1872963085620920569,1704434977578893312,"{'name': 'Rahupnext', 'id': '1704434977578893312', 'location': 'Your Girl HouseğŸ˜‚', 'username': 'rahdabest1'}",{},positive,[]
"{'annotations': [{'start': 40, 'end': 51, 'probability': 0.7507, 'type': 'Other', 'normalized_text': 'ZenHive Rush'}], 'mentions': [{'start': 3, 'end': 17, 'username': 'azen_protocol', 'id': '2884018103'}]}","RT @azen_protocol: ğŸ„Merry Christmas!The ZenHive Rush event has been running for just two days, and Over 10,000 Mystery Boxes Unlocked!ğŸ¤‘

ğŸâ€¦",2024-12-28T11:09:32.000Z,['1872963085608337664'],"{'retweet_count': 6842, 'reply_count': 0, 'like_count': 0, 'quote_count': 0, 'bookmark_count': 0, 'impression_count': 0}",1872963085608337664,1529887842221948929,"{'name': 'Santau', 'id': '1529887842221948929', 'username': 'bonyok1433'}",{},neutral,[]
"{'mentions': [{'start': 3, 'end': 17, 'username': 'Murdocklorian', 'id': '1103227881428271104'}]}","RT @Murdocklorian: âš ï¸GIVEAWAY ALERTâš ï¸

I know Iâ€™m late and itâ€™s not Christmas anymore but who cares IM DOING A CHRISTMAS GIVEAWAY!!!!!

Priâ€¦",2024-12-28T11:09:32.000Z,['1872963085604143490'],"{'retweet_count': 35, 'reply_count': 0, 'like_count': 0, 'quote_count': 0, 'bookmark_count': 0, 'impression_count': 0}",1872963085604143490,1156138809349890048,"{'name': 'Robin ğŸ‡µğŸ‡¸ğŸ‰', 'id': '1156138809349890048', 'location': 'He/They || ğŸ§·', 'username': 'wonderlessfuk'}",{},positive,[]
"{'mentions': [{'start': 3, 'end': 16, 'username': 'matt_vanswol', 'id': '1244068896157708289'}], 'hashtags': [{'start': 19, 'end': 28, 'tag': 'BREAKING'}, {'start': 116, 'end': 120, 'tag': 'WNC'}]}","RT @matt_vanswol: ğŸš¨#BREAKING: Hundreds of FedEx Christmas packages were mysteriously placed on a ""vacation"" hold in #WNC last week and neveâ€¦",2024-12-28T11:09:32.000Z,['1872963085201559968'],"{'retweet_count': 3283, 'reply_count': 0, 'like_count': 0, 'quote_count': 0, 'bookmark_count': 0, 'impression_count': 0}",1872963085201559968,1066755660,"{'name': 'Edward Links', 'id': '1066755660', 'username': 'EdwardLinks1'}",{},neutral,"['#BREAKING', '#WNC']"
"{'annotations': [{'start': 101, 'end': 111, 'probability': 0.648, 'type': 'Other', 'normalized_text': 'Fujiyamatap'}], 'mentions': [{'start': 3, 'end': 19, 'username': 'Mt_Fujiyama_tap', 'id': '1849518502237093888'}]}","RT @Mt_Fujiyama_tap: ğŸ„ Merry Christmas! ğŸ„  

ğŸ‰ Did you see yesterday's post? ğŸ“…  
ğŸ¤” What exactly is a Fujiyamatap debit card? ğŸ’³  

âœ¨ Yes, yoâ€¦",2024-12-28T11:09:31.000Z,['1872963084266205591'],"{'retweet_count': 210, 'reply_count': 0, 'like_count': 0, 'quote_count': 0, 'bookmark_count': 0, 'impression_count': 0}",1872963084266205591,1502206165119549443,"{'name': 'yuuu', 'id': '1502206165119549443', 'username': 'yanyan111222444'}",{},positive,[]
"{'mentions': [{'start': 3, 'end': 18, 'username': 'DeepLinkGlobal', 'id': '1575947937141620749'}, {'start': 98, 'end': 113, 'username': 'DeepLinkGlobal', 'id': '1575947937141620749'}]}","RT @DeepLinkGlobal: What a merry Christmas
ğŸš€ DLC rewards at your fingertips this festive season!âœ¨ @DeepLinkGlobal $300,000 airdrop is liveâ€¦",2024-12-28T11:09:31.000Z,['1872963083586732336'],"{'retweet_count': 103713, 'reply_count': 0, 'like_count': 0, 'quote_count': 0, 'bookmark_count': 0, 'impression_count': 0}",1872963083586732336,1592514722758332416,"{'name': 'Shahzaib~crypto', 'id': '1592514722758332416', 'username': 'ShahzaibGamerA1'}",{},positive,[]
"{'mentions': [{'start': 3, 'end': 11, 'username': 'kafangi', 'id': '1218241052043284480'}]}",RT @kafangi: Egerton University student leaders saai wanafaa kuwa wamehold a media briefing calling for the release of Kibet Bull but theyâ€¦,2024-12-28T11:09:31.000Z,['1872963083116966030'],"{'retweet_count': 562, 'reply_count': 0, 'like_count': 0, 'quote_count': 0, 'bookmark_count': 0, 'impression_count': 0}",1872963083116966030,906947895911436289,"{'name': 'Gee_K Slade ğŸ‡°ğŸ‡ªâœŠğŸ¿', 'id': '906947895911436289', 'location': 'Nairobi, Kenya', 'username': 'SladeGK'}",{},neutral,[]
"{'mentions': [{'start': 3, 'end': 15, 'username': 'thatsKAIZEN', 'id': '282419632'}]}","RT @thatsKAIZEN: Made it to the end of the year without my family canceling me for posting about politics ğŸ˜‚

This also marks the first yearâ€¦",2024-12-28T11:09:31.000Z,['1872963082437444020'],"{'retweet_count': 797, 'reply_count': 0, 'like_count': 0, 'quote_count': 0, 'bookmark_count': 0, 'impression_count': 0}",1872963082437444020,2861830891,"{'name': 'MARIA INES BARRALES TANUS', 'id': '2861830891', 'location': 'MEXICO ', 'username': 'mariainesbt'}",{},neutral,[]
"{'mentions': [{'start': 0, 'end': 11, 'username': 'De_Encrypt', 'id': '1618091835649318913'}]}","@De_Encrypt As we enter the Christmas season, Iâ€™m sharing my wallet addresses as part of the spirit of giving. Think of it as a little Secret Santa surprise! ğŸ…ğŸ»ğŸ„

3P1Gmu9tP4tRgUgzMQrtHRC85pY1a2iykQUCGZuuSkmr",2024-12-28T11:09:31.000Z,['1872963082357772583'],"{'retweet_count': 0, 'reply_count': 0, 'like_count': 0, 'quote_count': 0, 'bookmark_count': 0, 'impression_count': 0}",1872963082357772583,1785697834135912448,"{'name': 'ZicooğŸ‡', 'id': '1785697834135912448', 'location': 'Cianjur, Indonesia', 'username': 'Zicoo_go'}",{},positive,[]
"{'annotations': [{'start': 67, 'end': 72, 'probability': 0.9486, 'type': 'Place', 'normalized_text': 'Russia'}, {'start': 84, 'end': 90, 'probability': 0.9098, 'type': 'Place', 'normalized_text': 'Ukraine'}, {'start': 97, 'end': 105, 'probability': 0.5098, 'type': 'Other', 'normalized_text': 'Christmas'}], 'mentions': [{'start': 3, 'end': 13, 'username': 'y_alibhai', 'id': '1361454241'}, {'start': 18, 'end': 29, 'username': 'DavidLammy', 'id': '18020612'}]}",RT @y_alibhai: Hi @DavidLammy you rightly tweeted about the people Russia killed in Ukraine over Christmas. And expressed righteous anger.â€¦,2024-12-28T11:09:31.000Z,['1872963082345132168'],"{'retweet_count': 190, 'reply_count': 0, 'like_count': 0, 'quote_count': 0, 'bookmark_count': 0, 'impression_count': 0}",1872963082345132168,1362707641747800068,"{'name': 'Robin Hinde', 'id': '1362707641747800068', 'username': 'robin_hinde'}",{},negative,[]
"{'urls': [{'start': 111, 'end': 134, 'url': 'https://t.co/iBggbLZJ0c', 'expanded_url': 'https://taskon.xyz/quest/423267751', 'display_url': 'taskon.xyz/quest/423267751', 'images': [{'url': 'https://pbs.twimg.com/news_img/1871504164288663552/waziaucC?format=jpg&name=orig', 'width': 1050, 'height': 525}, {'url': 'https://pbs.twimg.com/news_img/1871504164288663552/waziaucC?format=jpg&name=150x150', 'width': 150, 'height': 150}], 'status': 200, 'title': 'TaskOn: A Web3 Task Collaboration Platform to Create, Collaborate and Reward', 'description': 'TaskOn empowers your Web3 initiatives as the leading task collaboration platform for seamless marketing, community building, and operational management.', 'unwound_url': 'https://taskon.xyz/quest/423267751'}], 'mentions': [{'start': 3, 'end': 17, 'username': 'FlowX_finance', 'id': '1605461197687468033'}]}","RT @FlowX_finance: ğŸ„ Christmas Giveaway Celebration! ğŸ

Spread the Holiday Joy with Our Christmas Giveaway!

ğŸ‘‰ https://t.co/iBggbLZJ0c httpâ€¦",2024-12-28T11:09:31.000Z,['1872963082072539402'],"{'retweet_count': 31379, 'reply_count': 0, 'like_count': 0, 'quote_count': 0, 'bookmark_count': 0, 'impression_count': 0}",1872963082072539402,1872962081177403392,"{'name': 'Marlo Mandi', 'id': '1872962081177403392', 'username': 'MarloM55882'}",{},positive,[]
"{'mentions': [{'start': 3, 'end': 17, 'username': 'ginsan_fanbox', 'id': '1732153504758890496'}]}","RT @ginsan_fanbox: December 3rd week Preview (1000yen, Full Voice)
Christmas PresentğŸ„ğŸ€ (30:00)

https://t.co/jFvqxSlNv3

*This video has soâ€¦",2024-12-28T11:09:31.000Z,['1872963081103704119'],"{'retweet_count': 32, 'reply_count': 0, 'like_count': 0, 'quote_count': 0, 'bookmark_count': 0, 'impression_count': 0}",1872963081103704119,995512917788278784,"{'name': 'GINSAN', 'id': '995512917788278784', 'location': 'Under The Rose', 'username': 'VRC_ginsan'}",{},neutral,[]
"{'mentions': [{'start': 3, 'end': 14, 'username': 'JoongTrend', 'id': '1565380039965048832'}, {'start': 72, 'end': 80, 'username': 'ChenRcj', 'id': '1063930322105090050'}], 'hashtags': [{'start': 32, 'end': 45, 'tag': 'RankofArchen'}, {'start': 81, 'end': 90, 'tag': 'à¸ˆà¸¸à¸‡à¸­à¸²à¹€à¸Šà¸™'}]}","RT @JoongTrend: ğŸ“ˆ Trend Report [#RankofArchen] The Heart Killers EP 6 l @ChenRcj #à¸ˆà¸¸à¸‡à¸­à¸²à¹€à¸Šà¸™

Itâ€™s truly incredible! Thank you, everyone, forâ€¦",2024-12-28T11:09:31.000Z,['1872963080990404972'],"{'retweet_count': 96, 'reply_count': 0, 'like_count': 0, 'quote_count': 0, 'bookmark_count': 0, 'impression_count': 0}",1872963080990404972,1527257549044449281,"{'name': 'ğšŠğš”ğšŠğš—ğš’ğš–ğšğŸ¶ğŸ±ğŸ’ğŸ’›ğŸ¥‘', 'id': '1527257549044449281', 'location': 'à¸šà¹‰à¸²à¸™', 'username': 'akanime27'}",{},positive,"['#RankofArchen', '#à¸ˆ']"
"{'mentions': [{'start': 3, 'end': 19, 'username': 'TPostMillennial', 'id': '896731633704947712'}]}","RT @TPostMillennial: Canadian Prime Minister Justin Trudeau told to ""get the f*ck out of BC"" during family Christmas ski trip https://t.co/â€¦",2024-12-28T11:09:31.000Z,['1872963080805851578'],"{'retweet_count': 283, 'reply_count': 0, 'like_count': 0, 'quote_count': 0, 'bookmark_count': 0, 'impression_count': 0}",1872963080805851578,1523307397736976384,"{'name': 'Lyle Muller', 'id': '1523307397736976384', 'location': 'Shelbrook SASK', 'username': 'LyleMuller9'}",{},neutral,[]
"{'urls': [{'start': 160, 'end': 183, 'url': 'https://t.co/wXk0at33e7', 'expanded_url': 'https://nikke-en.com/socialshare/share/16/na/173457749112891/6465094_2025NewYearLuckyRoulette_en_Rapunzel_1735384161602?language=en', 'display_url': 'nikke-en.com/socialshare/shâ€¦', 'status': 200, 'title': 'New Year Lucky Roulette', 'description': 'Spin the wheel and get your Christmas and New Year gifts!', 'unwound_url': 'https://nikke-en.com/socialshare/share/16/na/173457749112891/6465094_2025NewYearLuckyRoulette_en_Rapunzel_1735384161602?language=en'}], 'hashtags': [{'start': 130, 'end': 136, 'tag': 'NIKKE'}, {'start': 137, 'end': 158, 'tag': 'NewYearLuckyRoulette'}]}","New Year Lucky Roulette
A limited-time New Year event is here!
Spin the wheel now and collect your Christmas and New Year gifts!

#NIKKE #NewYearLuckyRoulette  https://t.co/wXk0at33e7",2024-12-28T11:09:31.000Z,['1872963080516452701'],"{'retweet_count': 0, 'reply_count': 0, 'like_count': 0, 'quote_count': 0, 'bookmark_count': 0, 'impression_count': 0}",1872963080516452701,1763760267912163328,"{'name': 'Santo S', 'id': '1763760267912163328', 'username': 'SanSn333999'}",{},positive,"['#NIKKE', '#NewYearLuckyRoulette']"
"{'urls': [{'start': 99, 'end': 122, 'url': 'https://t.co/j6XhGuOOLB', 'expanded_url': 'https://x.com/firemadeher/status/1872452707191263238/video/1', 'display_url': 'pic.x.com/j6XhGuOOLB', 'media_key': '13_1872452653818523648'}], 'mentions': [{'start': 3, 'end': 15, 'username': 'firemadeher', 'id': '476257209'}]}",RT @firemadeher: me the day after christmas wearing all of my gifts that dont go together at all : https://t.co/j6XhGuOOLB,2024-12-28T11:09:30.000Z,['1872963080084410639'],"{'retweet_count': 10437, 'reply_count': 0, 'like_count': 0, 'quote_count': 0, 'bookmark_count': 0, 'impression_count': 0}",1872963080084410639,2924590210,"{'name': 'BiGYeaaaa', 'id': '2924590210', 'location': 'The Field', 'username': 'flowerchild_719'}",{},neutral,[]
"{'mentions': [{'start': 0, 'end': 13, 'username': 'ScalesAndIcy', 'id': '1637183280096202752'}]}","@ScalesAndIcy actually! merry christmas to ME, i am creeping towards your home in a very Grinch like manner",2024-12-28T11:09:30.000Z,['1872963079841169613'],"{'retweet_count': 0, 'reply_count': 0, 'like_count': 0, 'quote_count': 0, 'bookmark_count': 0, 'impression_count': 0}",1872963079841169613,1003793558208434182,"{'name': 'ğŸ‡ºğŸ‡¦ĞĞ‘Ğ›ĞĞ“ĞğŸ‡ºğŸ‡¦ ||-//', 'id': '1003793558208434182', 'location': 'the exclusion zone', 'username': 'siegeTHM'}",{},positive,[]
"{'mentions': [{'start': 3, 'end': 18, 'username': 'therampagefext', 'id': '703069848457228288'}, {'start': 90, 'end': 105, 'username': 'TAKAHIRO_Staff', 'id': '1307655637254381568'}], 'hashtags': [{'start': 106, 'end': 120, 'tag': 'EXILETAKAHIRO'}, {'start': 121, 'end': 132, 'tag': 'WinterSong'}]}","RT @therampagefext: EXILE TAKAHIRO CHRISTMAS LIVE 2024
""Winter Song"" Love

- LIVE PHOTOğŸ“¸

@TAKAHIRO_Staff #EXILETAKAHIRO
#WinterSong
#THERAâ€¦",2024-12-28T11:09:30.000Z,['1872963079660867967'],"{'retweet_count': 1003, 'reply_count': 0, 'like_count': 0, 'quote_count': 0, 'bookmark_count': 0, 'impression_count': 0}",1872963079660867967,277218523,"{'name': '*â™¡*Reina*â™¡*', 'id': '277218523', 'username': 'Re_nA86'}",{},positive,"['#EXILETAKAHIRO', '#WinterSong', '#THERA']"
"{'urls': [{'start': 46, 'end': 69, 'url': 'https://t.co/vN75HHPrR0', 'expanded_url': 'https://x.com/http_1day/status/1871804085047099426/video/1', 'display_url': 'pic.x.com/vN75HHPrR0', 'media_key': '7_1871803945670307841'}], 'annotations': [{'start': 33, 'end': 40, 'probability': 0.6722, 'type': 'Place', 'normalized_text': 'thailand'}], 'mentions': [{'start': 3, 'end': 18, 'username': 'lloudlisailysm', 'id': '1634806175870124035'}]}","RT @lloudlisailysm: christmas in thailand ğŸ˜­ğŸ¤£
 https://t.co/vN75HHPrR0",2024-12-28T11:09:30.000Z,['1872963078247333939'],"{'retweet_count': 326, 'reply_count': 0, 'like_count': 0, 'quote_count': 0, 'bookmark_count': 0, 'impression_count': 0}",1872963078247333939,131480416,"{'name': 'Dear TurTle', 'id': '131480416', 'location': ""èµ¤äº€'s Land"", 'username': 'dearturtle'}",{},neutral,[]
"{'mentions': [{'start': 3, 'end': 14, 'username': 'caseywaves', 'id': '1158490111'}]}","RT @caseywaves: I was invited to Christmas party by someone I know, they asked me to bring my camera and take a few photos.
I said no.
Theyâ€¦",2024-12-28T11:09:30.000Z,['1872963077563695375'],"{'retweet_count': 503, 'reply_count': 0, 'like_count': 0, 'quote_count': 0, 'bookmark_count': 0, 'impression_count': 0}",1872963077563695375,1001186365525102599,"{'name': 'Zaba.thembu', 'id': '1001186365525102599', 'location': 'Port Elizabeth, South Africa', 'username': 'AsisiphoShushw3'}",{},positive,[]
"{'annotations': [{'start': 38, 'end': 48, 'probability': 0.4916, 'type': 'Other', 'normalized_text': 'Freedom Fam'}], 'mentions': [{'start': 3, 'end': 13, 'username': 'unich_com', 'id': '1767474947780493312'}]}","RT @unich_com: We understand that the Freedom Fam has grown globally, with many members coming from diverse cultures!ğŸŒğŸš€

ğŸ‘‰If Christmas isn'â€¦",2024-12-28T11:09:30.000Z,['1872963077551095826'],"{'retweet_count': 4130, 'reply_count': 0, 'like_count': 0, 'quote_count': 0, 'bookmark_count': 0, 'impression_count': 0}",1872963077551095826,1714530075859992576,"{'name': 'wenpinp gan', 'id': '1714530075859992576', 'username': 'wenpinp92569'}",{},positive,[]
"{'urls': [{'start': 111, 'end': 134, 'url': 'https://t.co/iBggbLZJ0c', 'expanded_url': 'https://taskon.xyz/quest/423267751', 'display_url': 'taskon.xyz/quest/423267751', 'images': [{'url': 'https://pbs.twimg.com/news_img/1871504164288663552/waziaucC?format=jpg&name=orig', 'width': 1050, 'height': 525}, {'url': 'https://pbs.twimg.com/news_img/1871504164288663552/waziaucC?format=jpg&name=150x150', 'width': 150, 'height': 150}], 'status': 200, 'title': 'TaskOn: A Web3 Task Collaboration Platform to Create, Collaborate and Reward', 'description': 'TaskOn empowers your Web3 initiatives as the leading task collaboration platform for seamless marketing, community building, and operational management.', 'unwound_url': 'https://taskon.xyz/quest/423267751'}], 'mentions': [{'start': 3, 'end': 17, 'username': 'FlowX_finance', 'id': '1605461197687468033'}]}","RT @FlowX_finance: ğŸ„ Christmas Giveaway Celebration! ğŸ

Spread the Holiday Joy with Our Christmas Giveaway!

ğŸ‘‰ https://t.co/iBggbLZJ0c httpâ€¦",2024-12-28T11:09:30.000Z,['1872963077022323156'],"{'retweet_count': 31379, 'reply_count': 0, 'like_count': 0, 'quote_count': 0, 'bookmark_count': 0, 'impression_count': 0}",1872963077022323156,1822017776082677760,"{'name': 'Compere Ima', 'id': '1822017776082677760', 'username': 'CompereIma37195'}",{},positive,[]
"{'urls': [{'start': 76, 'end': 99, 'url': 'https://t.co/PB8To1aK8h', 'expanded_url': 'https://x.com/MyMillor/status/1872670514449465637/photo/1', 'display_url': 'pic.x.com/PB8To1aK8h', 'media_key': '3_1872670510883971072'}, {'start': 76, 'end': 99, 'url': 'https://t.co/PB8To1aK8h', 'expanded_url': 'https://x.com/MyMillor/status/1872670514449465637/photo/1', 'display_url': 'pic.x.com/PB8To1aK8h', 'media_key': '3_1872670511202725888'}, {'start': 76, 'end': 99, 'url': 'https://t.co/PB8To1aK8h', 'expanded_url': 'https://x.com/MyMillor/status/1872670514449465637/photo/1', 'display_url': 'pic.x.com/PB8To1aK8h', 'media_key': '3_1872670512058351616'}], 'annotations': [{'start': 14, 'end': 28, 'probability': 0.6523, 'type': 'Person', 'normalized_text': 'MERRY CHRISTMAS'}, {'start': 48, 'end': 56, 'probability': 0.6869, 'type': 'Other', 'normalized_text': 'TrollsTWT'}, {'start': 59, 'end': 66, 'probability': 0.7361, 'type': 'Other', 'normalized_text': 'TrollsOC'}, {'start': 69, 'end': 74, 'probability': 0.5655, 'type': 'Other', 'normalized_text': 'Trolls'}], 'mentions': [{'start': 3, 'end': 12, 'username': 'MyMillor', 'id': '1772743702395371520'}], 'hashtags': [{'start': 47, 'end': 57, 'tag': 'TrollsTWT'}, {'start': 58, 'end': 67, 'tag': 'TrollsOC'}, {'start': 68, 'end': 75, 'tag': 'Trolls'}]}","RT @MyMillor: MERRY CHRISTMAS!!(repost,sorry)

#TrollsTWT #TrollsOC #Trolls https://t.co/PB8To1aK8h",2024-12-28T11:09:30.000Z,['1872963076846415877'],"{'retweet_count': 24, 'reply_count': 0, 'like_count': 0, 'quote_count': 0, 'bookmark_count': 0, 'impression_count': 0}",1872963076846415877,1772743702395371520,"{'name': 'âŠ±âœ¿ Millor âœ¿âŠ° ğŸ‰ğŸŒ»', 'id': '1772743702395371520', 'username': 'MyMillor'}",{},positive,"['#TrollsTWT', '#TrollsOC', '#Trolls']"
"{'mentions': [{'start': 3, 'end': 15, 'username': 'notannelisa', 'id': '323081325'}]}",RT @notannelisa: treated my parents to a scalp spa for christmas and this is how i picked them up after their appt lmao https://t.co/dsJabcâ€¦,2024-12-28T11:09:30.000Z,['1872963076775133223'],"{'retweet_count': 13859, 'reply_count': 0, 'like_count': 0, 'quote_count': 0, 'bookmark_count': 0, 'impression_count': 0}",1872963076775133223,1474658196136640516,"{'name': 'Ndowiiiie', 'id': '1474658196136640516', 'location': 'Durban, South Africa', 'username': 'Ndowiiiiie'}",{},positive,[]
"{'urls': [{'start': 82, 'end': 105, 'url': 'https://t.co/HHLcEUEspg', 'expanded_url': 'https://x.com/itssannaxo/status/1872659192055795718/photo/1', 'display_url': 'pic.x.com/HHLcEUEspg', 'media_key': '3_1872659178075959296'}], 'mentions': [{'start': 3, 'end': 14, 'username': 'itssannaxo', 'id': '1744028836851761152'}]}","RT @itssannaxo: Drop a â€˜hiâ€™ if you didnâ€™t get your Christmas ğŸğŸ’ yet, I got you â˜ºï¸ https://t.co/HHLcEUEspg",2024-12-28T11:09:30.000Z,['1872963076687052960'],"{'retweet_count': 338, 'reply_count': 0, 'like_count': 0, 'quote_count': 0, 'bookmark_count': 0, 'impression_count': 0}",1872963076687052960,2173237067,"{'name': 'ğŸ”¥Daisy ğŸ¥°', 'id': '2173237067', 'location': 'ğŸMY VIP OF PAGE 30 DAYS FREE!', 'username': 'ADEDOYINFAUSATA'}",{},negative,[]
"{'urls': [{'start': 89, 'end': 112, 'url': 'https://t.co/iYBPgwiHrn', 'expanded_url': 'https://www.etsy.com/listing/1598169344/vintage-christmas-traditions-father', 'display_url': 'etsy.com/listing/159816â€¦', 'images': [{'url': 'https://pbs.twimg.com/news_img/1871561584566325248/HsUe2uOF?format=jpg&name=orig', 'width': 1080, 'height': 1921}, {'url': 'https://pbs.twimg.com/news_img/1871561584566325248/HsUe2uOF?format=jpg&name=150x150', 'width': 150, 'height': 150}], 'status': 200, 'title': 'Vintage Christmas Traditions father Christmas Cross Stitch Kit - Etsy', 'description': 'This Kits item by addictedtoshabby has 2 favorites from Etsy shoppers. Ships from Castroville, TX. Listed on Nov 23, 2024', 'unwound_url': 'https://www.etsy.com/listing/1598169344/vintage-christmas-traditions-father'}], 'mentions': [{'start': 3, 'end': 17, 'username': '247LovingLife', 'id': '27462910'}]}",RT @247LovingLife: Vintage Christmas Traditions father Christmas Cross Stitch Kit - Etsy https://t.co/iYBPgwiHrn,2024-12-28T11:09:30.000Z,['1872963076573806737'],"{'retweet_count': 0, 'reply_count': 0, 'like_count': 0, 'quote_count': 0, 'bookmark_count': 0, 'impression_count': 0}",1872963076573806737,1208792505564557313,"{'name': 'Lifestyler_OntheGo', 'id': '1208792505564557313', 'username': 'plftr19'}",{},neutral,[]
"{'urls': [{'start': 111, 'end': 134, 'url': 'https://t.co/iBggbLZJ0c', 'expanded_url': 'https://taskon.xyz/quest/423267751', 'display_url': 'taskon.xyz/quest/423267751', 'images': [{'url': 'https://pbs.twimg.com/news_img/1871504164288663552/waziaucC?format=jpg&name=orig', 'width': 1050, 'height': 525}, {'url': 'https://pbs.twimg.com/news_img/1871504164288663552/waziaucC?format=jpg&name=150x150', 'width': 150, 'height': 150}], 'status': 200, 'title': 'TaskOn: A Web3 Task Collaboration Platform to Create, Collaborate and Reward', 'description': 'TaskOn empowers your Web3 initiatives as the leading task collaboration platform for seamless marketing, community building, and operational management.', 'unwound_url': 'https://taskon.xyz/quest/423267751'}], 'mentions': [{'start': 3, 'end': 17, 'username': 'FlowX_finance', 'id': '1605461197687468033'}]}","RT @FlowX_finance: ğŸ„ Christmas Giveaway Celebration! ğŸ

Spread the Holiday Joy with Our Christmas Giveaway!

ğŸ‘‰ https://t.co/iBggbLZJ0c httpâ€¦",2024-12-28T11:09:29.000Z,['1872963075663634436'],"{'retweet_count': 31379, 'reply_count': 0, 'like_count': 0, 'quote_count': 0, 'bookmark_count': 0, 'impression_count': 0}",1872963075663634436,1821645374953811970,"{'name': 'Marci Toone', 'id': '1821645374953811970', 'username': 'MarciToone54070'}",{},positive,[]
"{'mentions': [{'start': 3, 'end': 12, 'username': 'swaps_io', 'id': '1561671231266607106'}]}","RT @swaps_io: Hey, fam! 

A special surprise awaits you to make your Christmas and New Year celebrations even more exciting ğŸğŸ¤«Â 

It's timeâ€¦",2024-12-28T11:09:29.000Z,['1872963075030303182'],"{'retweet_count': 2295, 'reply_count': 0, 'like_count': 0, 'quote_count': 0, 'bookmark_count': 0, 'impression_count': 0}",1872963075030303182,1872962797774008320,"{'name': 'Leesa Samatha', 'id': '1872962797774008320', 'username': 'LeesaSamat65111'}",{},positive,[]
"{'mentions': [{'start': 0, 'end': 8, 'username': 'PHIAMAX', 'id': '469540013'}, {'start': 9, 'end': 18, 'username': 'Kiptoock', 'id': '237157932'}]}","@PHIAMAX @Kiptoock Abductions all over.
People  celebrating Christmas without their loved ones. 
Failed government",2024-12-28T11:09:29.000Z,['1872963074975776826'],"{'retweet_count': 0, 'reply_count': 0, 'like_count': 0, 'quote_count': 0, 'bookmark_count': 0, 'impression_count': 0}",1872963074975776826,890546059,"{'name': 'hidden eye', 'id': '890546059', 'location': 'Nairobi, Kenya', 'username': 'Mugomurimi1'}",{},negative,[]
"{'mentions': [{'start': 3, 'end': 14, 'username': 'JoongTrend', 'id': '1565380039965048832'}, {'start': 72, 'end': 80, 'username': 'ChenRcj', 'id': '1063930322105090050'}], 'hashtags': [{'start': 32, 'end': 45, 'tag': 'RankofArchen'}, {'start': 81, 'end': 90, 'tag': 'à¸ˆà¸¸à¸‡à¸­à¸²à¹€à¸Šà¸™'}]}","RT @JoongTrend: ğŸ“ˆ Trend Report [#RankofArchen] The Heart Killers EP 6 l @ChenRcj #à¸ˆà¸¸à¸‡à¸­à¸²à¹€à¸Šà¸™

Itâ€™s truly incredible! Thank you, everyone, forâ€¦",2024-12-28T11:09:29.000Z,['1872963073390322006'],"{'retweet_count': 96, 'reply_count': 0, 'like_count': 0, 'quote_count': 0, 'bookmark_count': 0, 'impression_count': 0}",1872963073390322006,1724715880096096256,"{'name': 'araaa', 'id': '1724715880096096256', 'username': 'hambin___'}",{},positive,"['#RankofArchen', '#à¸ˆ']"
"{'urls': [{'start': 111, 'end': 134, 'url': 'https://t.co/iBggbLZJ0c', 'expanded_url': 'https://taskon.xyz/quest/423267751', 'display_url': 'taskon.xyz/quest/423267751', 'images': [{'url': 'https://pbs.twimg.com/news_img/1871504164288663552/waziaucC?format=jpg&name=orig', 'width': 1050, 'height': 525}, {'url': 'https://pbs.twimg.com/news_img/1871504164288663552/waziaucC?format=jpg&name=150x150', 'width': 150, 'height': 150}], 'status': 200, 'title': 'TaskOn: A Web3 Task Collaboration Platform to Create, Collaborate and Reward', 'description': 'TaskOn empowers your Web3 initiatives as the leading task collaboration platform for seamless marketing, community building, and operational management.', 'unwound_url': 'https://taskon.xyz/quest/423267751'}], 'mentions': [{'start': 3, 'end': 17, 'username': 'FlowX_finance', 'id': '1605461197687468033'}]}","RT @FlowX_finance: ğŸ„ Christmas Giveaway Celebration! ğŸ

Spread the Holiday Joy with Our Christmas Giveaway!

ğŸ‘‰ https://t.co/iBggbLZJ0c httpâ€¦",2024-12-28T11:09:29.000Z,['1872963073331609642'],"{'retweet_count': 31379, 'reply_count': 0, 'like_count': 0, 'quote_count': 0, 'bookmark_count': 0, 'impression_count': 0}",1872963073331609642,1872962384731750403,"{'name': 'Shelia Sheri', 'id': '1872962384731750403', 'username': 'SheliaSher52568'}",{},positive,[]
